fraud_id,client_id,transaction_date,amount,flag
1c9ea049-af3a-4777-9e35-ab7a068af674,16721,2024-05-03 14:14:37,2813.75,Suspicious
254e5fd6-db69-49b9-b7c1-d039c7948970,87972,2024-06-24 08:40:28,2008.34,Suspicious
12beaf88-b743-4bb5-a76d-65cc052efc88,64155,2024-04-01 16:25:58,2671.31,Suspicious
9323624a-b4a0-46a0-a492-e8aa42b0c799,53835,2024-06-15 09:09:27,1342.96,Suspicious
3a531d5d-1f3a-49b2-83bf-f0706931bd17,24674,2024-09-19 18:52:07,2145.5,Suspicious
6294b3cf-df8f-48fb-9e82-c5b7ad716632,58541,2024-06-25 00:49:05,1090.48,Suspicious
7bc60682-086d-407b-9b4c-799ac202c0ef,55202,2024-12-17 15:35:59,2370.56,Suspicious
1bc5e754-d9fb-4e3b-afa0-e9a963f18fa1,69375,2024-03-21 05:11:51,2451.0,Suspicious
5656ef83-3140-4676-a167-0a686a718701,28877,2024-01-27 09:19:54,2365.13,Suspicious
65ba3f71-2989-4db9-be11-d7b1dc1e2651,49240,2024-10-21 01:53:13,4910.58,Suspicious
23000d5a-5bf0-4eeb-9f3c-68897a8d7961,15240,2024-08-22 00:26:28,2211.48,Suspicious
2676908e-180c-4bdb-b70e-d9241489e182,68383,2024-09-25 00:31:28,2428.42,Suspicious
4785f14a-f2e8-4766-b2ac-2346f4fa1a1a,91257,2024-03-28 22:34:19,3179.23,Suspicious
96d314b2-5535-4d2b-91e8-4870b63eab5d,63519,2024-09-21 08:51:02,1186.39,Suspicious
bf6eb638-92a7-4f2b-aef7-1738dcc2055c,24606,2024-11-05 21:15:30,1419.64,Suspicious
9ef4606e-16cf-4260-b51a-71d8d89016f8,10348,2024-09-10 19:52:55,3943.96,Suspicious
9d8924f3-e8f7-4952-b836-8f8051496268,3638,2024-01-08 21:06:39,1562.12,Suspicious
2c7c630c-6025-4405-8eb6-e249f0d87fb9,51287,2024-12-17 10:52:58,2097.96,Suspicious
5a776584-1e4d-4e8e-9104-e519181135d5,43485,2024-04-04 09:22:17,1712.71,Suspicious
1df9eb2c-c5a5-4f3e-bdb5-63ff7f74939d,87204,2024-11-03 08:17:19,1721.35,Suspicious
73fa8415-c411-487d-a6ff-f79ccdf28401,63470,2024-11-21 07:41:15,4317.88,Suspicious
61ed139d-be08-4c84-a911-b03bac43207d,35528,2024-03-11 09:31:34,1400.42,Suspicious
b35cb662-2321-466f-8390-7518c2e70ccb,6996,2024-10-06 11:41:21,4820.87,Suspicious
407477e9-f6cf-439f-8d88-a07e23460f60,36588,2024-08-30 08:14:18,2920.74,Suspicious
3004133f-e564-4c75-9c8d-ebf753b53034,37009,2024-10-25 10:15:47,4372.54,Suspicious
a7aa4c0e-71a6-4bd8-83af-756b5c2eb918,90789,2024-08-27 09:53:42,4324.06,Suspicious
0c312c99-053e-4e7d-8c6f-7d4fb1ec702e,33474,2024-09-06 21:59:34,1776.69,Suspicious
8df870d0-e9da-46fe-8460-cf927e39d26c,72618,2024-08-28 07:34:11,1566.98,Suspicious
dc5f3b72-0a01-485e-80af-244baafb4fc3,45761,2024-12-17 01:10:31,2981.89,Suspicious
44af06ca-a730-4c07-81ea-6c522cd513fc,13033,2024-08-20 15:01:35,4702.46,Suspicious
765276de-36c2-471c-892c-6c742a48d72f,76518,2024-09-21 11:16:54,2078.01,Suspicious
33abb123-4307-453b-af70-f7340a464387,3072,2024-10-23 14:44:57,4463.08,Suspicious
1b8e1ffb-93db-4e3a-9cf2-5cdb20a77593,1854,2024-06-12 02:49:41,4666.43,Suspicious
5c32c900-3d6a-4c20-95b2-d6fd377785ce,84608,2024-03-05 17:19:48,1258.48,Suspicious
efc57e0e-fff5-4b9c-b44f-28cb660aa26d,34601,2024-04-06 22:54:04,3871.94,Suspicious
ec04cfa0-4b1e-48a7-8b22-060c0cf5a6b3,48677,2024-03-30 13:13:51,1514.88,Suspicious
dc0c6ddc-abaa-4d94-9579-44771446fe98,9306,2024-03-02 14:37:15,1879.18,Suspicious
1d113e48-e3e1-43d2-9366-01ee4dce3a66,72621,2024-09-03 01:40:18,1631.93,Suspicious
2f779af9-130c-4041-b2ea-075d10794a34,6458,2024-04-28 04:39:22,1226.13,Suspicious
b2d59238-1953-4b93-96d9-f4704a37b2e0,95772,2024-02-28 12:13:47,3610.82,Suspicious
9444b744-8646-43de-80e5-09b52dfb5abe,69267,2024-09-08 05:35:39,1734.74,Suspicious
3e5ce74e-b56c-4720-8954-e4b787ed7b38,63055,2024-10-13 00:12:48,1619.08,Suspicious
4528e61e-3a47-4f4e-bc33-7215e69dffca,30075,2024-10-10 05:56:10,2598.77,Suspicious
edc18530-2e71-4e08-b762-e67eabb21d65,31774,2024-01-17 19:32:47,3346.65,Suspicious
3e0a91b1-6e80-4d6c-b423-90f6a143eefe,40431,2024-01-18 00:35:07,4796.5,Suspicious
316a0dd2-f591-4012-a669-4d1bbf7c64da,55348,2024-07-08 22:26:18,1060.26,Suspicious
64e1c3ae-0c54-42f0-8761-d5aa9488e7e4,39304,2024-01-07 11:58:53,2093.95,Suspicious
248890a4-fedf-4e3a-9b38-68dd5953acae,25031,2024-10-27 18:22:50,4348.69,Suspicious
92620de2-4190-4e82-b548-61a1165a5646,28338,2024-07-14 22:07:39,1131.99,Suspicious
87304a02-b1e4-4b00-ae18-a73d352df907,78589,2024-07-21 18:00:33,1389.51,Suspicious
753449e4-ab7a-4bf5-99a5-cbf5b1f9f818,55781,2024-07-27 20:20:06,4911.65,Suspicious
5021e959-4e29-453d-b19a-5f85eaa8b176,43056,2024-09-21 20:38:56,4182.64,Suspicious
be825612-f171-4fa4-9f28-d6f3095943da,42799,2024-03-21 23:39:34,3843.54,Suspicious
04395c0f-3753-4959-b8da-83d426dc55e8,56572,2024-07-24 22:16:44,1949.89,Suspicious
e75ca320-cffc-4152-ae78-4b1d76ac4cc7,85933,2024-03-23 18:26:12,2149.3,Suspicious
b6a98f92-23ec-40df-a738-952ed5a2681b,37302,2024-03-25 02:04:16,4386.69,Suspicious
5c365913-aa6a-48f7-a92a-2573f5b9310a,68693,2024-05-25 17:30:03,1795.18,Suspicious
ddb0203c-469c-4721-ac4c-2f62edec913c,79679,2024-03-11 23:11:32,4331.25,Suspicious
7ae2d0ab-16e1-45ed-9f26-06ece6950a15,45827,2024-04-03 18:50:25,3359.47,Suspicious
8e7200a5-388b-4bd5-a945-c8f57223af72,71383,2024-04-20 11:32:58,4106.91,Suspicious
6f490d7b-2d47-43bb-928b-ca9f46c6ba0b,43320,2024-08-16 22:27:52,1002.32,Suspicious
e0b2a06c-2501-4c6d-8a74-0858085f7d08,78026,2024-05-25 16:40:13,3091.13,Suspicious
cef4a91b-3aba-4ec4-a7a7-4eee87e77c98,37655,2024-05-18 04:25:34,1349.83,Suspicious
fa178ec6-233a-4ced-8d75-86ad30255dfd,84727,2024-10-27 14:11:18,1901.7,Suspicious
4fe01061-3be2-4c6f-bf7a-e56f38f4a7d5,92485,2024-03-14 05:28:46,2788.59,Suspicious
419fc9ee-c67e-4808-89c3-fa067c2a1c3c,30951,2024-07-09 16:38:08,4576.6,Suspicious
28875a4d-706b-4815-bbcf-fc4af7546ae2,11864,2024-08-31 08:37:52,3927.7,Suspicious
1c117094-0ca4-4e74-add8-811356b3eaeb,98937,2024-04-26 14:39:53,4956.33,Suspicious
657a0907-99f6-4b6d-a9d2-42f70394b051,71700,2024-11-17 16:59:32,3478.58,Suspicious
817a4506-02d7-4cd9-b971-f7b0d646820b,72558,2024-03-11 23:38:44,1638.49,Suspicious
2bf217cc-f65d-4162-97fc-926f9db470cf,49306,2024-06-21 00:03:10,4059.58,Suspicious
bf5c71b8-632c-4965-86c7-90093fceef3d,29938,2024-10-03 01:02:37,4262.4,Suspicious
f51aefc8-aef7-493f-adca-d5e33ffaace7,41732,2024-02-29 03:58:14,1577.3,Suspicious
8bff4f7c-80f8-4687-a0f8-5e05882eb6f8,51570,2024-08-03 11:45:06,1117.63,Suspicious
b73e9dc1-8aa8-4dcb-bb57-c8388eb0bd81,10640,2024-05-29 00:11:23,4128.32,Suspicious
c811b20b-f514-4a60-bae2-de4c3c3e57e5,54561,2024-09-02 09:24:36,4904.55,Suspicious
6d178b32-17a1-4977-96ba-3c00999da6e7,51631,2024-11-22 23:35:55,1274.35,Suspicious
cdaec48a-ebd5-4554-b99c-15d9c70f090b,8183,2024-07-11 00:15:46,4393.45,Suspicious
563ae077-2811-4669-9ef0-99048a74defa,87568,2024-09-20 18:58:43,3307.65,Suspicious
8fdaf1f9-6683-4ae8-a9a0-ae3253feb45a,12410,2024-09-04 17:45:52,4908.12,Suspicious
a323f579-fb9a-4ed6-a145-272b9198633f,32470,2024-01-07 04:08:06,1899.92,Suspicious
1c20200f-caeb-4669-b7fa-6ba1fa4b35ed,35700,2024-09-11 04:47:33,2181.3,Suspicious
7b1815d9-692b-4a0d-a479-30e0d8707d56,94504,2024-10-13 17:29:07,4010.66,Suspicious
0b790ed9-7b92-413e-939e-896192c82e47,65724,2024-06-18 13:44:57,3008.76,Suspicious
c58b52c2-bc85-44ff-ab66-c5e01d4af71e,81041,2024-12-06 17:31:03,2503.59,Suspicious
3907165a-ed24-4f89-b697-bfd0eb734d97,50868,2024-07-27 01:49:09,1411.11,Suspicious
3f4d8c0a-1b3e-47e1-ac6e-43b50a49816a,60195,2024-07-16 00:40:36,1596.18,Suspicious
24a90a57-7d28-4a62-a472-9e0b662e7d78,34920,2024-10-27 22:14:50,1715.02,Suspicious
1e5d8bb8-423f-427e-9dd6-54718f271304,94153,2024-12-04 19:33:42,1081.85,Suspicious
5cb4aa52-2a36-489c-989c-eecae93a0ee7,33096,2024-07-13 13:28:19,1847.88,Suspicious
e8f0781c-0d24-4ff4-8dcb-0112b3fb8e15,89097,2024-06-05 15:40:10,3521.94,Suspicious
989a3bc6-55c1-49af-8e72-bc4aa0099ab8,19782,2024-09-01 19:43:42,1889.18,Suspicious
12244f51-2e25-4041-af5d-15f53e00edd4,83977,2024-10-03 03:44:44,2803.26,Suspicious
80ab5afa-c4e0-4031-85b7-b0efdd453e56,97233,2024-08-03 04:11:00,3287.75,Suspicious
8853bddf-9963-45e5-b8f0-8bb283ff44c7,95876,2024-10-03 04:08:38,1910.22,Suspicious
d0a02df2-cdcf-429a-9dc9-e70f336483cf,56728,2024-02-21 01:16:45,1769.25,Suspicious
73b5813f-e10b-42e4-9e9b-3c03d5dc112a,25502,2024-06-02 18:38:29,4317.59,Suspicious
89f8f0c9-53e2-4114-bd7c-9ee2bcd4370c,23815,2024-07-01 11:14:17,3208.34,Suspicious
6f324843-25fc-47e0-8a7e-b4ebf6c30062,46774,2024-02-03 07:53:45,1089.01,Suspicious
f29af4a5-826a-459a-a889-1c41cc9214d5,25685,2024-04-10 03:56:46,1347.97,Suspicious
29c18a08-fbf2-4268-8436-700f96b0e248,28177,2024-05-17 01:26:08,2453.58,Suspicious
c50006c2-65bb-41d2-b776-f8a6e1db6502,72421,2024-12-13 06:51:30,3075.86,Suspicious
089f9d7f-e8ce-468c-a6bb-94642f5da5d5,34462,2024-03-02 03:39:33,2039.07,Suspicious
ad160a31-de9c-44ba-b44c-ddeaed19a746,68526,2024-10-06 19:43:47,4209.51,Suspicious
385a61a9-483a-4750-b5a9-f358425d8ad9,49117,2024-10-09 20:50:39,2177.91,Suspicious
bef4943a-511f-4ace-a653-0d44e743f3c6,17219,2024-11-24 19:24:37,1984.01,Suspicious
6d80e5f3-57a5-4b55-9919-924b58a6e7cf,58803,2024-08-08 12:30:45,2476.84,Suspicious
044305b6-7d78-470a-8108-fa9352cb1de9,72795,2024-02-10 17:25:27,3875.39,Suspicious
791a5fba-4599-4379-83b5-97652bcd3c85,32087,2024-04-01 22:05:25,2733.57,Suspicious
d9f96825-3a28-492e-86bd-7a1f71cb3b4d,49051,2024-06-14 10:09:40,3102.19,Suspicious
f8a57830-b6da-4dc6-8b29-d1382200806a,31007,2024-10-07 11:59:17,3746.75,Suspicious
ea2cdbff-cffb-43c3-8e58-0db77ca3d594,20785,2024-05-22 04:36:22,1332.14,Suspicious
f9fd660f-b84b-4d79-b4a4-df43fa144d15,36345,2024-04-19 18:53:10,1138.17,Suspicious
5f72f0d8-08c9-4f94-8409-0f6c0b7217ea,84984,2024-12-13 12:04:12,1863.61,Suspicious
f4efe217-f4cc-49f6-a422-e7aad7cc0d55,56210,2024-05-15 14:57:20,1845.28,Suspicious
aef76383-fff2-4ead-b5bd-b3c511d6c52f,49754,2024-08-15 21:36:36,4839.6,Suspicious
ada6fd23-ecb5-4d54-9d37-a6b5570bc44a,28437,2024-02-16 02:15:00,4393.03,Suspicious
46c7dca2-18a3-4c06-a057-4f99112192fa,25451,2024-03-23 19:19:13,1232.56,Suspicious
464bed98-6930-4fdd-b48d-9f5a0edc8fb9,21074,2024-05-30 15:19:06,4733.86,Suspicious
81756691-a95e-4dc8-a121-2d4bd361db35,57208,2024-05-06 22:55:30,3001.02,Suspicious
80280c5b-c1f1-4f6b-949f-d08b7ce40b21,30342,2024-11-06 15:06:41,1049.02,Suspicious
8ecb8ef1-64e3-4a16-812e-e6c8d89dcadb,56304,2024-07-30 10:02:29,4127.28,Suspicious
16f762bd-bfa9-434a-b862-43c84d923658,78536,2024-10-26 05:15:11,3468.76,Suspicious
8c500aa6-3e0a-4659-a0e3-0adb45da6982,88703,2024-11-19 03:16:51,1291.64,Suspicious
9992c96e-4a41-4eee-b299-23bcfc9e6ee8,68310,2024-09-23 06:58:18,4703.58,Suspicious
6104c9c2-0b41-4230-bbb7-95363fa8bb04,42604,2024-02-09 12:15:06,2131.14,Suspicious
8b37b7ea-6776-45a6-89d3-fb71e7f8bf89,74716,2024-07-30 04:20:17,2382.6,Suspicious
1944aca6-5537-4bb8-8927-ca06d9cfc5f4,93923,2024-05-28 07:36:50,1319.6,Suspicious
6accc281-7a94-4956-a865-a1d5847169a4,2245,2024-11-30 23:16:26,4305.75,Suspicious
2e1eb7ff-74a2-4b95-a72b-b1725c879ba9,68044,2024-03-18 01:51:21,3832.43,Suspicious
621434db-3069-46ee-a3d8-df25b946bcad,64919,2024-02-10 16:35:18,4582.85,Suspicious
4fe2e78b-cc58-4165-920e-fbd3b82e9a05,72416,2024-10-13 11:47:53,4052.63,Suspicious
c89b04ab-05cc-47b4-9bf2-69b0674b5a40,2916,2024-12-15 22:48:30,4563.06,Suspicious
abed20a3-5437-49be-b430-6fede88e19de,99541,2024-08-05 12:34:16,2909.16,Suspicious
ecdf48e0-67c2-412f-a20e-efdfbe788b28,80855,2024-03-29 17:46:01,2000.0,Suspicious
8587a3eb-9baf-4ee6-a35e-cfb0e2fa4f86,78476,2024-06-26 15:57:39,4699.48,Suspicious
2f5c3926-9027-4f78-956a-428cfc479949,17908,2024-02-25 01:50:53,4212.63,Suspicious
a6da12d6-0465-4fd4-bc04-8d2728da814a,16179,2024-04-19 13:21:44,2776.18,Suspicious
b4133768-9b8e-4aa4-afc2-512498178700,35174,2024-09-20 14:15:51,1645.33,Suspicious
b58361c0-bd3b-4d84-b028-f73b0503ea72,85055,2024-08-30 00:29:09,4929.57,Suspicious
29277762-781c-4fca-86c5-1a7fbb19b3a1,62489,2024-01-23 13:13:04,2742.57,Suspicious
75ab8d54-380f-4b63-a1c3-97e27c3cea14,27114,2024-06-24 07:54:13,4039.7,Suspicious
e8a2a658-b69a-45ed-a7d8-a45d2c70ebef,36067,2024-11-03 03:48:43,3335.97,Suspicious
167edbae-fcc7-45cd-ba69-eec97e5095de,35360,2024-04-09 12:53:31,1299.71,Suspicious
a09351fb-6c88-4f14-82a0-99512a281405,4802,2024-04-02 01:59:44,4084.6,Suspicious
dff87885-18e5-464b-926f-110c3fdde2df,21990,2024-07-11 06:00:16,3877.11,Suspicious
bd0851ae-8292-4702-aa3f-632f6a6c46ea,46566,2024-07-10 15:32:38,3505.47,Suspicious
c0fd8f0a-98c0-4af8-8bf1-50790c3a3cea,19074,2024-05-15 07:40:39,4673.21,Suspicious
cb8e0cdc-8a76-486f-99ac-12f9c5d80560,72971,2024-08-02 08:45:50,4259.9,Suspicious
2d2cfb88-845a-4a98-8d63-d25bc6e231db,97321,2024-07-28 11:47:06,2993.52,Suspicious
83169bb1-70ff-432c-a5cf-03a5cfccb82b,22493,2024-08-26 07:52:16,3976.19,Suspicious
fd2e32ca-b48d-4097-b9ee-cf9ab318d1bc,73460,2024-03-28 00:50:30,3094.14,Suspicious
a5db2a6a-167e-46bf-b547-4c4f89e67abe,90698,2024-07-21 05:21:41,3074.09,Suspicious
1935e924-cf77-4b07-a7b3-e6e7360f005c,57922,2024-12-04 20:20:04,1863.98,Suspicious
dd86e7d5-2c8d-43a8-bfcd-6d34a013c9c2,33321,2024-04-22 08:49:01,1771.06,Suspicious
980f34dd-04eb-42f0-bb7a-924117f5b868,4743,2024-03-30 04:18:35,3808.61,Suspicious
3384a3fe-88e2-4402-bf63-a50e50659303,59692,2024-01-01 07:51:09,2715.62,Suspicious
26a9c2b6-bed7-45ab-a61c-a1fdc410dc89,15033,2024-12-08 21:49:57,4632.66,Suspicious
0410c57b-ba03-4401-a2cf-90572ac2d4fd,33671,2024-10-26 17:01:38,2345.92,Suspicious
384ea3dd-e40d-4e6a-a922-6fe4d101dc30,67897,2024-05-17 00:09:55,4149.63,Suspicious
e0755dce-7b2f-4276-92b9-f2fc4514b2f2,9059,2024-07-26 22:43:32,3146.76,Suspicious
c33e5c9e-2f46-48fe-9bad-31ba8e0de83e,69518,2024-05-27 16:26:05,1853.86,Suspicious
0920f31c-2ed6-4f22-a3fc-1e292e7b2196,99733,2024-01-11 20:14:50,3107.3,Suspicious
3db0d7db-de5a-45dc-bf59-2b5c984b9998,92636,2024-10-09 04:17:27,3911.61,Suspicious
dd1ca710-3c42-4eaa-a2d9-6836fc6b93c2,34760,2024-03-11 18:48:14,4491.31,Suspicious
3a88c685-e6ca-405c-970d-8ae0dace784e,41787,2024-10-20 16:36:26,3099.5,Suspicious
d4ebffa3-eeac-4dda-ae1b-85829abfefad,37751,2024-09-27 01:20:45,2161.72,Suspicious
ebb9ae56-1658-4b2f-a6d6-1d1cf4a07c62,67249,2024-02-08 15:51:11,2770.99,Suspicious
ef0a757a-f76d-4508-860c-7f5c12f134c4,40572,2024-01-24 15:32:41,4986.61,Suspicious
1cedfd11-158e-497e-9411-a9730200d657,20487,2024-05-29 16:49:44,1559.34,Suspicious
54b3d08e-c957-4494-a361-3d10def59fae,48394,2024-11-16 14:21:02,1962.65,Suspicious
ffc6c64f-c601-48d2-b78f-43cedb7cc142,39972,2024-11-12 05:18:21,4996.11,Suspicious
f6f4458b-e983-47e0-b069-dc0e5fb7d16e,3013,2024-02-13 10:00:41,1113.99,Suspicious
a408d3fe-9b29-4b83-9fad-500b73a59235,73140,2024-01-19 04:35:16,3546.52,Suspicious
34dd3605-139f-4b6c-99f8-756704912224,74091,2024-06-24 15:27:49,3672.88,Suspicious
976196c5-d7a6-4f72-8e77-fe6685056182,11832,2024-11-18 15:19:42,1725.79,Suspicious
44047818-47d8-4db3-b9b0-dbe91b9d62d3,86214,2024-10-02 15:09:21,4159.58,Suspicious
11a2ec96-7b82-4338-a348-b7cfa49da758,31234,2024-01-26 17:33:50,4511.53,Suspicious
e61e71aa-9f57-47ff-9cc7-afac54fcc4f2,68091,2024-06-19 10:20:37,4169.88,Suspicious
fa81c7ce-29e5-4aff-9c8f-58dfcf54a834,73671,2024-01-12 00:45:40,3948.98,Suspicious
1a320b5f-dfac-4dc6-8693-c680b0ef8e94,3908,2024-09-22 07:04:12,1178.84,Suspicious
cdb0c8a9-dcdc-4670-a907-e1960a907226,71421,2024-05-30 10:33:57,1580.71,Suspicious
155a9910-0313-4bb3-9253-653dc9d94fc0,76357,2024-05-02 17:40:02,3209.39,Suspicious
386d9dff-be8c-4c92-85d2-6636c199c7d2,6810,2024-10-21 00:08:51,4657.84,Suspicious
3e06b699-32db-43e9-8f82-708225402172,51892,2024-10-03 04:38:39,1250.14,Suspicious
23e625fc-e60f-421d-94ce-5ae0b6d43fa3,46288,2024-06-20 08:08:37,4592.75,Suspicious
7fe78b2a-a7b3-4389-aa18-e58eb099f636,22666,2024-12-03 22:12:42,4761.04,Suspicious
db510547-75f6-411d-9ad4-4d3d633d682a,95372,2024-01-31 16:19:54,2324.87,Suspicious
4a09dc00-7c8d-4ce5-965d-1b29ff582e85,36757,2024-01-25 22:46:17,3188.09,Suspicious
2b9e7adf-80a0-4c32-8734-b5e938e64d18,88802,2024-01-15 17:07:32,4123.36,Suspicious
0bf69e41-4ffd-444a-8669-1137f7c102d9,97492,2024-06-21 22:54:52,1470.17,Suspicious
57413cdc-9063-42bb-9b93-90777848c46b,64742,2024-04-08 07:24:49,2800.88,Suspicious
5e04afac-1bb7-4c0c-8d54-8c15aa14c3a6,12961,2024-10-14 11:29:32,1391.2,Suspicious
be604abc-9213-4902-ac92-b882ad02a3c7,41295,2024-04-04 11:38:56,2489.31,Suspicious
4fe374bd-1569-4e2e-8478-724fea81432c,3226,2024-12-11 20:49:28,1736.41,Suspicious
e80472d7-d71c-466c-aac7-6ede56a54de5,14768,2024-05-26 11:35:53,4285.61,Suspicious
6d5da41b-c5df-4c94-a73e-c564e962e91f,5500,2024-07-31 07:58:07,1467.8,Suspicious
67557e63-04b2-496b-92cf-711e093dfa30,69854,2024-01-24 07:01:08,2665.48,Suspicious
8387e0ff-21c9-4977-b5df-1b1f55f4e361,44175,2024-04-12 16:33:53,3855.63,Suspicious
9ad88bfa-e651-463e-a615-ea4bbf040697,58063,2024-03-07 02:50:19,3565.97,Suspicious
50706c48-b5bd-43d9-8fc5-f99a99a557bc,57375,2024-03-08 09:22:18,1756.28,Suspicious
de0da7f1-c373-46e2-b371-7ff2be636449,43752,2024-06-10 08:51:03,1932.65,Suspicious
d5097da1-9dfc-4da1-9130-31e647e52579,5049,2024-03-27 01:22:55,1282.42,Suspicious
b0b6ee78-ae2c-4fc0-a089-138381ae1745,4423,2024-11-04 00:39:34,1834.67,Suspicious
7c33680b-e2e4-422f-b34a-0a9a5110e9eb,72080,2024-04-06 17:30:55,2156.21,Suspicious
5f1f7d6a-ea56-4902-a9ce-94a53ff3c2ce,46788,2024-03-15 03:20:02,1030.08,Suspicious
b67c08fe-5de3-44e0-a760-caf0575c2f3d,90116,2024-02-06 17:40:26,1538.46,Suspicious
eb096de3-6031-4342-b945-7f7c5fc94656,63618,2024-09-22 12:55:33,3410.25,Suspicious
753d1c61-a317-44de-87bf-1647ee821cd5,83672,2024-01-12 16:09:37,3297.68,Suspicious
702d8547-53b4-4295-9379-d8d736af8043,16454,2024-07-18 10:05:16,4441.36,Suspicious
e393cdfe-ee70-4d4c-bb13-4de65434b1ae,43855,2024-05-08 03:23:58,2528.21,Suspicious
60b2d64d-d233-4290-a5fc-323c277995a9,72355,2024-11-12 23:07:05,4198.89,Suspicious
f4def4cc-a11e-45f1-b704-f46134f328e5,86012,2024-02-06 00:10:19,2436.37,Suspicious
d9df1d5e-0e19-447e-8a80-50835d4403a9,69115,2024-01-25 03:27:22,2292.87,Suspicious
efd7ee3b-29a8-4e97-9d55-b72a2c7bc25e,40763,2024-03-07 16:58:22,1534.88,Suspicious
f3035a37-cbc4-4674-a9dc-8b07f56649c6,71006,2024-05-27 03:37:58,4249.69,Suspicious
6b8476b8-5444-4975-a995-105d5d1bafdf,96006,2024-01-15 04:50:35,2458.1,Suspicious
ed8baff2-d2f9-4a76-b3f1-db80c3a87313,94794,2024-06-08 17:37:02,4438.5,Suspicious
9d7d3170-5352-400d-936f-87c8c101261c,95755,2024-09-10 12:37:58,2555.62,Suspicious
42ea5831-64df-41b4-ab19-825a9dd0a573,59004,2024-10-18 22:14:44,1976.11,Suspicious
d2860b90-0c53-4fcb-92cf-c5de507db4f8,8923,2024-12-03 14:59:37,1937.94,Suspicious
1560f18c-410d-4be4-a5f6-7a2ce3f1dc42,41674,2024-07-24 10:49:46,2041.06,Suspicious
b84a4730-3a47-4ecc-86d4-a4954d7f9cb5,70038,2024-01-13 16:12:01,4881.15,Suspicious
6140a72c-8ed4-499a-a3b9-200924ee7845,94774,2024-02-27 02:54:50,3668.36,Suspicious
4c189198-cdf0-4f1f-a7c9-d3dc4f6f3564,1332,2024-03-29 19:59:54,2417.5,Suspicious
8dcb1b27-ce76-484c-be20-95144d4619ad,27709,2024-11-06 15:40:00,4240.13,Suspicious
bfe6639d-ebc5-4fb2-b1ca-c104364efe4e,96454,2024-12-11 09:33:10,3628.05,Suspicious
4367ffff-d871-4698-94ce-5bbf7eb03152,72858,2024-07-29 04:05:07,4820.39,Suspicious
213d1db7-446a-4642-bb7c-66f96a4eeb6f,49351,2024-08-02 14:40:52,4910.54,Suspicious
f04552a4-3a6f-4be7-a581-4242688d3fc5,46295,2024-08-28 04:44:26,1205.88,Suspicious
ef4144dd-7f9e-46cd-a04c-e138881698d6,67180,2024-09-01 10:08:38,2735.34,Suspicious
8e863b31-f0d9-401c-8466-0754a2105632,7013,2024-07-13 08:39:41,3895.81,Suspicious
252d2817-beb0-43ba-8170-18f38104070d,23106,2024-06-21 08:42:13,4873.25,Suspicious
0c43c73f-1844-4e28-a08e-1817bb577db4,67496,2024-08-03 04:08:34,2930.95,Suspicious
627b2000-3050-457a-9c2e-021f43240f7a,16994,2024-07-28 18:12:22,1459.25,Suspicious
bc9c8a73-3356-4b4e-86a6-0ab9177062a3,46250,2024-09-03 10:42:32,4202.18,Suspicious
f2b47912-94c0-4175-994c-3d7e665f3948,94559,2024-11-20 17:12:34,2104.11,Suspicious
7612fbdf-b113-4da7-be8e-0c4093f67685,17115,2024-01-25 12:23:27,1287.23,Suspicious
a78eb1fd-a989-461c-b994-c010e0320bb7,13275,2024-10-09 21:03:08,2597.63,Suspicious
23768d98-163b-4394-bec5-c482289f4494,6838,2024-12-03 10:45:50,2174.27,Suspicious
d3c65363-873f-49e3-9031-1e1fc180e6de,39787,2024-09-16 07:03:35,2422.3,Suspicious
460778a3-24e4-42f7-87ab-6e56f992418f,47340,2024-08-24 03:57:05,2129.81,Suspicious
8a6f394f-f8af-4ccb-8783-7301a56d8e58,51262,2024-06-18 02:26:06,1764.61,Suspicious
8e97020b-fd74-455f-b5e7-98a949681ed4,22276,2024-09-26 07:31:18,4953.65,Suspicious
d0bf2c0a-e5eb-40ef-84b0-3f2d2e575cb3,90497,2024-06-30 23:13:19,2173.41,Suspicious
32b6671b-061d-4fca-a8d3-1ea19a8bd462,45617,2024-11-19 22:05:04,2315.8,Suspicious
f8f72650-7deb-4ab3-bff7-f3ee6d105d01,36878,2024-05-20 15:52:09,1474.9,Suspicious
d166fc2a-a3eb-46ae-9ac0-e785393c4b13,74006,2024-02-01 18:55:31,2883.16,Suspicious
56e4b108-0ae1-4e3f-b37b-4bc03f2a4f13,73122,2024-03-14 23:32:51,4867.81,Suspicious
068221ff-b2ce-42ef-8b86-60ffada17fbc,81872,2024-05-29 05:03:49,4994.99,Suspicious
6a3fff76-1a7f-4c3a-b475-9fa4144af2ba,46236,2024-12-14 10:08:52,3450.63,Suspicious
7e6fdd46-9ffb-4571-9f50-dfa30e772325,13900,2024-06-08 21:14:27,4970.45,Suspicious
728e9042-2dd7-4b52-959b-171d5023012b,10993,2024-02-03 02:51:24,2379.41,Suspicious
4088699c-b154-4f4f-b48a-085cb9d54509,40313,2024-02-20 22:05:19,2855.46,Suspicious
894e7fff-11e0-4e73-a7ff-b86a09461041,40471,2024-06-22 17:40:09,4925.88,Suspicious
2a58512f-1ff7-4790-bda7-5979b1add769,31730,2024-11-26 23:08:30,4764.97,Suspicious
c78008e2-c124-431a-95b1-9796cbe7e251,13399,2024-08-31 07:12:20,4262.9,Suspicious
a78b4c13-fe53-4da4-8fe3-5f4ce99f5211,81564,2024-06-01 19:14:08,3511.68,Suspicious
8e7476bf-b50e-45c3-bd1f-a57f94814b8b,95664,2024-09-26 20:35:47,3929.54,Suspicious
5b381ca8-752b-43f0-9741-394e830504d3,10867,2024-12-09 02:57:22,2935.73,Suspicious
cadf9464-02d5-43a7-8ed4-ae3216b1b18d,50673,2024-11-08 21:13:33,2352.75,Suspicious
4ceba313-00fd-4b00-9561-adf42ae972aa,98032,2024-02-03 00:05:05,1426.57,Suspicious
be993ed9-06bb-4f9b-af61-5152ddded764,2519,2024-05-26 07:42:15,1486.57,Suspicious
23979366-58ca-427a-8f9e-561f010ed7e2,97968,2024-12-15 15:16:23,2318.65,Suspicious
a00db487-ed03-41c7-a2a0-8ac534571d4c,6098,2024-08-05 16:08:34,1610.88,Suspicious
1b1745e5-4214-4176-bc2e-074c2b54cb85,90909,2024-01-21 12:59:51,3570.83,Suspicious
e86198b9-9068-489a-af2b-39c233c84581,85605,2024-08-19 15:00:20,4726.43,Suspicious
501d9ef2-08fe-4521-8fdd-cb46483d161f,60327,2024-11-22 16:03:22,2518.1,Suspicious
eab215e9-ef92-4040-bd07-1a8eb94a3fc7,59859,2024-11-30 21:31:39,1559.3,Suspicious
40986b12-12f2-4882-ba9f-7348aef0dd86,57767,2024-01-11 01:45:43,1573.05,Suspicious
616330d9-a7d8-48ca-a1b8-4faa47a5df32,56348,2024-09-01 08:18:59,4352.28,Suspicious
41324504-673c-4f9e-b956-5631f1f78c8a,44087,2024-06-17 14:32:10,3051.23,Suspicious
fa95eea6-d0e3-4343-88b6-e19ddc58faba,59403,2024-09-06 23:13:09,2027.58,Suspicious
a3db6de6-3506-47a0-899b-e0e51ad0045e,10857,2024-02-15 00:56:52,3799.77,Suspicious
c2545b31-e3b7-4f3a-9f6e-dd8dbeb85461,99584,2024-03-29 19:07:45,1719.24,Suspicious
06baae6d-f990-48de-85f6-c5fd1f61f369,66696,2024-04-25 14:51:01,2394.48,Suspicious
93e27024-2a28-4999-ab4d-ed57a36955cb,61414,2024-01-15 16:02:50,4412.04,Suspicious
3e0cbae6-e75c-4332-ab0f-158b61b72cb7,72131,2024-03-29 05:06:27,2295.72,Suspicious
8e937e77-8b75-44d8-b867-910016d98a38,52094,2024-03-05 10:43:10,1631.69,Suspicious
ac11ea90-aa7e-493d-be83-5bbba9b748c6,1162,2024-10-23 07:44:03,1839.17,Suspicious
aa3a9361-22fa-485d-831f-007e44977622,96945,2024-07-21 05:35:29,2187.63,Suspicious
9f6ad592-0198-4097-9fa0-de59591afb43,76999,2024-11-20 10:30:13,4047.2,Suspicious
7485d16b-bcd8-4db4-b527-5479cbee47f1,5079,2024-08-06 21:14:51,1864.59,Suspicious
840786e8-bb5b-491e-a042-c06efefe8c20,74174,2024-06-15 06:13:47,2747.58,Suspicious
ad85173c-3fa2-4ded-ac8b-8c9899d1cfec,58955,2024-01-30 02:40:08,4853.13,Suspicious
0c40c7ba-f74a-4e17-b81e-a9e6ade83704,95622,2024-11-27 14:32:53,4240.43,Suspicious
334f71a3-4462-4042-a947-451934c18639,85710,2024-03-27 19:32:02,4573.26,Suspicious
312560e8-deec-4219-b1d9-c38efb6932c6,82510,2024-10-28 03:45:20,2543.11,Suspicious
dfa8c416-75eb-489b-8666-e790e4591129,44502,2024-04-09 10:21:29,3734.2,Suspicious
60cc0635-f8c5-4035-ace6-d08acd3a8f36,80131,2024-11-22 17:49:46,1940.65,Suspicious
1a8e0961-a64b-42f6-91ee-f2dc31996460,74033,2024-02-29 23:38:15,1749.21,Suspicious
aeb22849-4a02-4e75-a870-13dd5b69e1ec,30959,2024-08-26 15:37:30,3553.0,Suspicious
a97e3c64-f796-4b07-a1a5-23e928298d64,98581,2024-08-24 20:04:57,2021.02,Suspicious
6de65eb5-f19d-4bbb-8562-82f3853c4146,65633,2024-11-30 17:23:01,1402.41,Suspicious
49c9ebe2-0ed1-4fdc-b259-e50655ecf219,16098,2024-11-21 03:27:07,1298.09,Suspicious
775b007a-eb32-44cf-ae7b-f6707cf4de29,1848,2024-06-20 02:31:54,2469.37,Suspicious
972b0c16-79d5-410f-a91f-447fc91c5ab5,34525,2024-08-02 10:59:15,3178.05,Suspicious
b120625d-c4b9-42a6-b946-0670a32d1e5d,24721,2024-09-30 12:09:06,4438.26,Suspicious
5b575506-365f-4b74-a8e8-6af24222a079,52085,2024-08-01 16:14:06,4569.49,Suspicious
fdd7828c-2646-499e-a80b-d82ed1d79ecf,8817,2024-09-03 03:35:44,2988.6,Suspicious
7c6ce442-f44d-487e-b3bf-acc32ee0cf09,86787,2024-11-07 06:44:37,1197.13,Suspicious
d6526a00-493b-4fdb-9b44-6dce07d04ba3,27957,2024-07-25 18:30:59,4632.35,Suspicious
bc6b76f8-223b-4570-9026-252eee1a56b0,66212,2024-06-29 20:29:57,1609.58,Suspicious
d5ebf143-f9fd-48a5-b3d6-5ea9dfc90111,52522,2024-05-04 05:34:04,2403.36,Suspicious
443b2d57-ef41-4477-9de0-6ba66f7c0954,55605,2024-10-09 00:30:28,3863.71,Suspicious
5488c647-fb35-468c-8104-c433a1bf2d4e,1840,2024-09-23 23:18:55,4135.13,Suspicious
7e9f46c6-97e3-4d30-8713-448cc71b55ee,7284,2024-08-03 13:32:25,2473.54,Suspicious
f6679371-8bb1-454b-8f4b-ca0da40b6845,23376,2024-08-27 08:38:56,1083.88,Suspicious
141cd8cf-bee3-4352-b657-3354d585ed62,59665,2024-03-24 04:39:07,4636.52,Suspicious
e05c57a9-c329-48ea-a024-f12dbcee3f00,42116,2024-02-17 20:02:07,4777.53,Suspicious
56a6ac0e-f61e-4129-9d86-bd0e3fc93c6a,30789,2024-02-13 13:43:12,2170.93,Suspicious
10c61482-e8a9-4f3c-90a4-ce4f0d50edfe,66143,2024-04-30 01:32:59,1490.42,Suspicious
99be74cd-b8fb-449d-b64f-4899971a078d,89417,2024-05-18 15:00:44,4102.5,Suspicious
a307bb80-e6fc-4fc1-b1aa-450aea156f26,63487,2024-02-24 07:15:00,4597.6,Suspicious
c5d0b817-5ff3-4b78-8ee4-cc4508718903,94385,2024-01-22 08:50:11,1774.13,Suspicious
df00708d-1d5e-470a-af00-9443d256b40f,43379,2024-03-14 21:57:43,3965.29,Suspicious
4f346288-c55d-4301-b681-4f4d27fad141,92538,2024-03-05 21:09:11,1701.71,Suspicious
6007f90b-9dd8-4ea9-bdf4-95405650dbc1,10071,2024-02-26 07:17:09,1066.79,Suspicious
79d904da-f9e1-4340-8efd-7ee619fa6ffe,50977,2024-01-23 12:06:05,4341.09,Suspicious
05012322-cd3f-4489-b8bc-276712e778ec,11148,2024-01-31 03:50:40,2330.54,Suspicious
55fbbc24-e8e0-491d-b57f-145c7117afe1,21745,2024-08-02 07:39:26,2778.73,Suspicious
941e4c3d-fda7-4196-9fc0-33d245b6a899,6041,2024-02-06 10:02:33,4655.49,Suspicious
07158f09-33f2-40bb-a80d-b9e051dadfd3,40409,2024-03-11 02:01:01,4770.85,Suspicious
808a6782-4102-46b4-bc1b-5c2c4d0f7b52,98322,2024-04-11 11:47:37,2925.74,Suspicious
b5db8dd6-67dc-4124-9d9c-1ae1c9b1e42e,52083,2024-05-27 17:09:39,2786.38,Suspicious
3caf2c99-845e-4e7b-922e-a1d6a37c4a48,12947,2024-12-09 12:41:20,4320.6,Suspicious
099adb67-bba2-488f-bb36-3a862c3d33a8,16392,2024-04-13 03:41:20,2823.65,Suspicious
5fca7c97-2547-40ed-a350-82e02337fb8a,85547,2024-04-12 15:37:54,2471.64,Suspicious
8f6a1942-0f4c-4beb-96b4-4fdbe6943991,55704,2024-09-08 18:31:08,2127.61,Suspicious
b63ec8b4-2e49-418a-a6b1-7eb475f1a9dd,4649,2024-08-28 22:41:29,1638.04,Suspicious
5b2e02d6-e6c6-44c5-99f4-c48b29d50e05,33590,2024-01-29 00:00:43,4792.93,Suspicious
f71236bf-5e35-4899-839b-f62b9148834f,71810,2024-05-20 13:40:52,3460.93,Suspicious
f85b2075-b1ee-4a12-8d32-10438a9c6da5,44886,2024-01-17 04:47:07,2620.09,Suspicious
059b9fb8-479e-4e33-b45a-06ae324e166e,67915,2024-06-23 15:42:37,3409.02,Suspicious
405be4aa-f587-4b80-b95e-6aa3711bd75a,49133,2024-09-13 06:52:02,2891.0,Suspicious
ea8f575c-4ad1-4f10-97f2-e99396715474,3618,2024-06-16 13:40:55,2505.01,Suspicious
12294bee-b8b5-47ff-95c8-d064dba06335,50248,2024-06-05 08:34:34,1293.14,Suspicious
c53edf8c-22b0-4670-87b1-ca544a8cf271,11290,2024-03-30 07:20:31,2526.87,Suspicious
4c08da79-94f6-4a7a-a64d-f89e641660d9,86896,2024-09-11 07:29:33,3190.63,Suspicious
2afa9c0e-98fc-4c0d-a992-6be653af72f3,15253,2024-09-20 18:31:03,4820.9,Suspicious
90c61349-729e-46fe-b193-b26bddd7448b,68018,2024-06-12 16:31:48,1815.36,Suspicious
45a3fcd0-5f47-43c1-8179-d3245950d3a6,8956,2024-05-03 20:24:40,1321.0,Suspicious
c3698da6-acbb-4eb4-a44e-384b902a3d44,60053,2024-08-04 17:25:56,2708.17,Suspicious
5e26e0eb-165b-4049-baf7-5694d0f104fc,8751,2024-04-16 09:12:01,1556.81,Suspicious
b941c529-c913-48e2-b578-cd1df050521b,17311,2024-01-30 17:19:30,2135.31,Suspicious
ad4e6a37-aa54-491d-b1d3-68c0b1b5ba96,77280,2024-09-26 03:49:45,1770.12,Suspicious
8521d789-a6ec-4e6b-8890-0506dd3c5fb9,87377,2024-05-12 17:20:30,2322.91,Suspicious
02634c69-89c0-49f1-a752-284d953e6b3b,63219,2024-07-29 08:21:27,2249.28,Suspicious
74abf8dc-2712-4904-8c15-996f3dd04a26,28435,2024-04-23 18:59:14,2754.92,Suspicious
32452a85-90f0-4dc8-b4ec-36ffb03475c7,74757,2024-03-17 12:08:59,2574.71,Suspicious
67edf434-b688-470a-a87d-d9c5b655ef73,21002,2024-10-07 13:06:01,2761.4,Suspicious
2c8f814c-f715-40ae-96fd-c9dbe10bd8c2,93879,2024-07-05 08:49:35,3592.7,Suspicious
70e732ec-ea9a-4c93-8a02-8bfdfa3bbea9,1646,2024-11-23 19:51:20,4204.53,Suspicious
6226727a-1a01-46ed-b187-6aba63cfa5ad,73878,2024-05-05 10:17:21,3863.45,Suspicious
69387160-8fe7-4eb1-b022-623082b66a4d,77769,2024-06-06 07:10:46,2226.92,Suspicious
8858c2ed-7d5b-41be-9b5f-0313856db1f2,66346,2024-05-30 20:04:10,2442.45,Suspicious
dcc44dad-222d-4978-9046-046d47109bc0,10390,2024-02-28 03:28:14,2229.25,Suspicious
87c65bec-42e1-4cb2-9586-0e5dc6a9c0f5,76808,2024-01-12 00:41:20,2770.68,Suspicious
4953d7bd-6892-4490-893a-da87b7629415,96547,2024-03-04 05:28:16,4783.2,Suspicious
78ffc06b-6d62-4958-8e12-cc3013670f5f,11192,2024-05-22 22:02:37,4870.53,Suspicious
591104e7-d415-4f89-983d-8f649c96bbda,25463,2024-08-15 07:21:14,2842.84,Suspicious
76c03749-82ba-400a-ba58-69b00bff6bfd,45254,2024-11-09 05:50:59,3402.96,Suspicious
0985809d-d785-4303-a182-8d1eeb86ee12,78830,2024-04-03 06:34:56,2629.11,Suspicious
0b5127e7-c90b-413b-8c72-4bc34c7305b0,45167,2024-03-10 22:44:24,1988.85,Suspicious
ed1a303b-3b33-4d90-8375-faad4b867634,35729,2024-05-06 21:27:52,1647.0,Suspicious
ceaaad47-e96d-4baf-bbf8-9f4164fffe6a,83507,2024-07-21 15:49:22,4021.22,Suspicious
22a60400-a067-410b-a09a-4484657f5442,1970,2024-02-03 17:46:49,1280.23,Suspicious
a4e558e3-6748-4edc-adc4-88929c7281be,46205,2024-01-12 01:27:55,1920.36,Suspicious
471c04ce-5340-4e81-b840-6aa775306335,61453,2024-06-10 15:53:54,1387.66,Suspicious
391516b2-1e7b-47d4-85f2-71ad1ddbd956,7920,2024-01-09 12:14:22,2630.56,Suspicious
631db29e-cce4-4365-927e-dc39676a5c47,58920,2024-07-22 00:52:53,3993.01,Suspicious
79b6accc-cf65-4ad1-8267-6a8d71bb9620,61329,2024-04-03 07:42:57,3189.84,Suspicious
e9ad55bd-4cea-43fa-ae05-6bdb5b3a9d44,67829,2024-10-01 16:29:09,2151.52,Suspicious
db73c01c-9fa3-4164-b86d-4d01f7ab51a8,17022,2024-10-25 04:00:50,1388.4,Suspicious
077d8489-fee8-406e-bb5e-e6b9d9d75afe,89385,2024-08-27 08:31:15,1635.62,Suspicious
5b9f9a92-bc8c-40a0-9a1d-2df87999fa4c,62565,2024-01-10 08:38:26,2959.83,Suspicious
b83e9fd1-0e37-4b23-9fea-a4f606e8ae76,20870,2024-02-05 20:29:53,1235.23,Suspicious
0df12572-be7f-4b20-82ac-9ed61b5e8398,76270,2024-04-14 18:57:19,2518.15,Suspicious
15c318fe-59f8-46e9-99d4-c9ba3353cc63,73848,2024-11-30 10:04:41,4646.47,Suspicious
9ace2136-5e8f-42f4-a1fa-207137e6b141,84280,2024-09-30 00:31:27,1657.57,Suspicious
2f9b7198-f76c-4afa-941b-6df3ea821ca4,56107,2024-08-15 05:26:24,3553.55,Suspicious
48ea2801-cf53-475d-8ee1-dbaae49d3d32,69314,2024-03-04 02:13:09,3557.84,Suspicious
48f6386e-3206-45b4-8a8f-b6c81b3aacf2,61870,2024-03-31 06:14:33,4437.15,Suspicious
6454cc89-fd9c-491b-bdbf-2d8449858cb2,70385,2024-07-15 16:36:24,4437.66,Suspicious
b4547d49-a723-4107-8374-a6f8cb8160c4,15893,2024-06-26 06:28:21,3151.6,Suspicious
071cc21a-81ad-405f-9bc2-690cad5d0114,83297,2024-11-06 07:11:06,1937.11,Suspicious
05431cc8-acf3-4ce6-b46a-55b71b781f75,31348,2024-08-21 19:03:20,4319.77,Suspicious
ec545a84-d0c5-4a68-bef2-9ea681a1c712,89049,2024-02-16 19:42:18,4471.63,Suspicious
35375937-d81b-40eb-95f9-01948ee4f04e,36335,2024-03-28 07:22:34,2098.26,Suspicious
a922aede-6875-452b-b13e-f3dd3ad547d9,1116,2024-11-24 18:12:38,1799.91,Suspicious
3185c38f-3d27-4607-9de1-7fd9999cfcee,27921,2024-06-23 01:03:14,2957.31,Suspicious
bd683ef3-de0d-46dd-8e70-807ea2ea3a33,50910,2024-06-06 00:28:19,3572.78,Suspicious
1d9f6540-d190-4338-b626-ef7b46bc9125,49479,2024-08-01 21:32:53,1324.38,Suspicious
fd3685e3-e043-4710-82da-4a4446d91d3a,64814,2024-07-31 19:09:09,1264.74,Suspicious
78f33688-2f1a-4ff8-ab2b-098b90324a56,63583,2024-09-05 07:11:43,3930.66,Suspicious
376cf616-07a8-406c-a37c-b81bfba37745,69900,2024-08-17 15:39:36,4523.98,Suspicious
fdcc039e-f9f7-4c89-9c27-6d28666df49d,56124,2024-09-05 21:04:58,4665.14,Suspicious
74ab3ec7-4a1d-4731-9a43-5cc44037eacb,48284,2024-01-29 09:24:02,3900.16,Suspicious
09ef1d79-dbaf-42e2-a9fa-f71963236aab,52760,2024-11-28 17:20:16,2322.33,Suspicious
6c6adc88-c0d4-4344-b4b4-0e51d688bfbf,63641,2024-05-22 23:17:32,3301.52,Suspicious
ed50ef4c-962b-4bd4-9a15-16a57e65d6c6,45738,2024-05-01 15:56:16,4029.71,Suspicious
e9059782-d93b-45d0-a308-621b05a9bb60,46062,2024-06-24 06:57:33,3271.71,Suspicious
24902cf7-2d5b-44ce-a610-e86d749fc906,48119,2024-07-29 10:40:36,1582.32,Suspicious
d079a475-55e4-41cc-8415-04ab31a54926,18072,2024-01-01 07:41:35,3767.05,Suspicious
b3bf09f3-4d4b-4b2a-bc03-fdc41e5648c2,56042,2024-08-15 00:14:24,2723.46,Suspicious
73329fa6-b886-47d6-945b-31bc2674485c,98890,2024-02-22 04:02:42,1667.14,Suspicious
cce8dd95-b046-4d9c-8b00-f6d167ff54c8,68017,2024-01-08 01:07:59,1687.6,Suspicious
7819f341-2051-4f4d-b6ad-8c2c73303829,70873,2024-07-09 22:43:34,3928.59,Suspicious
e89b2aec-0b1f-41a9-ab18-39767d9a2603,91013,2024-04-01 11:56:24,2058.51,Suspicious
41eb8b9c-fc5b-465c-8c2e-c6a43d62fa54,88082,2024-08-07 08:19:11,1356.41,Suspicious
83f2eae7-c6e0-49d2-90d7-76730b87443f,28354,2024-08-06 10:17:31,2097.41,Suspicious
c0360578-d993-4c20-99b9-54008678b4db,67050,2024-09-15 14:26:48,2251.36,Suspicious
679f03f1-264a-4126-9c83-b2a278453e3f,42560,2024-11-06 20:18:32,3417.05,Suspicious
4f665e54-ed4f-444b-8984-e205299c9df8,98323,2024-10-29 01:19:28,1999.38,Suspicious
8f795c44-c986-4ad5-bf16-e7a4841a40f3,80034,2024-01-01 13:41:00,4899.08,Suspicious
d2cde965-ec26-43ed-a757-ba745e7e0802,6080,2024-04-14 02:05:26,4335.93,Suspicious
bab89041-d0f0-4c68-b882-6ff47ce2ba8c,32694,2024-09-25 04:46:39,1829.45,Suspicious
24f5b335-cb5a-4dae-897f-842fd4ad2207,23300,2024-02-06 22:01:56,1188.73,Suspicious
88acf65f-cc04-4d44-87b1-265c92564b03,66488,2024-07-01 12:25:04,2154.77,Suspicious
14ab26ec-f62d-464b-91bc-1f9d595198e0,21224,2024-10-06 00:59:52,4429.51,Suspicious
a7ef8696-6995-4aa6-8ab9-3461c5d17cd0,27826,2024-05-12 08:11:21,1321.61,Suspicious
f0553561-9f6a-4b3c-93f7-4aa7659256db,33546,2024-04-20 11:37:02,2048.62,Suspicious
027fe3ff-82e6-4e07-88f6-1523a972b250,57628,2024-01-26 09:51:30,3823.18,Suspicious
0440871a-8a73-4da2-bc1e-cf930ce5bfd8,46150,2024-02-28 08:44:23,4026.36,Suspicious
a394c854-f5c5-4230-856e-c0576d8782cf,96256,2024-05-18 07:34:29,4031.91,Suspicious
9866f439-8343-47fa-970a-787a2ffc745a,75858,2024-11-16 04:43:00,3696.42,Suspicious
a85ce99f-4187-461b-9e72-df17dcb69c3e,84723,2024-03-06 20:42:46,1452.18,Suspicious
6908b487-3cd7-4d3c-a08a-ab61f294bc49,66413,2024-11-11 12:47:36,4258.82,Suspicious
3d54f17d-ab8b-4df7-8966-970120e11d18,68172,2024-10-20 00:15:10,4762.65,Suspicious
f84fa82a-cf89-4795-bc40-e4ea5ba15b02,27817,2024-09-16 05:33:03,3617.77,Suspicious
fe4215cd-590d-4246-8688-932b0eaf9421,18534,2024-12-03 02:11:42,3270.43,Suspicious
ff392ea7-cd1a-49f4-98cb-c9ab1412e4e0,49534,2024-10-24 18:57:54,2790.77,Suspicious
09a8b985-b0f5-48da-8f37-32ba3d0e42de,83998,2024-04-07 20:44:57,3024.04,Suspicious
63574a85-2660-4be0-b5d9-613c5eedaca9,50619,2024-01-12 08:32:08,4062.46,Suspicious
7409be07-2834-4138-9733-c243d38fe378,41498,2024-07-25 17:57:38,3178.8,Suspicious
684c0f3f-2c0d-4e31-9b6f-cd8c83975c6e,77207,2024-03-04 03:07:06,1842.68,Suspicious
0d2d298a-83fa-4ba6-b9b8-49840ae02e06,14709,2024-01-01 14:13:41,1769.5,Suspicious
a2bdb73a-94e5-4d77-8033-cf1f2ee1229c,49650,2024-03-04 06:28:28,4409.47,Suspicious
6658acd5-de44-400c-813c-3502baec7e36,81128,2024-03-04 21:46:40,1851.97,Suspicious
0b995461-a7eb-4480-a8f0-36b65b3be32e,74218,2024-06-13 22:37:47,1199.87,Suspicious
50722cd3-6c53-4757-a3c8-52b62d416433,10283,2024-11-01 01:19:56,2155.55,Suspicious
e4061bc9-a119-4d05-92b0-cce6fdfbf083,84934,2024-09-19 10:39:06,4254.66,Suspicious
3f0d6982-2cd7-474d-9ec1-ce1826fb1f48,9701,2024-11-27 13:51:20,1934.97,Suspicious
e9a19d1d-cf91-4074-8f95-c41f8d95f3b8,15634,2024-08-27 01:13:01,2804.9,Suspicious
8270d98e-42cf-498e-ab7e-6ab6d164aea0,40151,2024-03-28 17:23:20,3521.43,Suspicious
a61f5284-edcb-4620-83be-1703d901f45a,80913,2024-05-20 15:01:20,1549.74,Suspicious
8973f0e3-265e-450c-a0d3-e7b1c1bb647b,56988,2024-11-07 14:52:15,4761.89,Suspicious
77a50715-8bb8-42df-956a-eb877b36f58b,68726,2024-01-05 07:07:51,1994.79,Suspicious
d55eb75c-f18d-4258-b2cb-207f85153fde,36621,2024-10-30 23:17:26,3268.28,Suspicious
331c5abc-93a7-4eb3-8e6e-a1bd79e8897e,96213,2024-05-22 14:51:44,4786.27,Suspicious
a8bb3564-021c-49da-9c0e-ba41280958a1,25245,2024-02-06 14:36:10,1809.21,Suspicious
f813a4cc-e0bb-479c-9659-2647d2a2dc96,66606,2024-07-08 23:41:48,1708.72,Suspicious
bb1fb6bb-6ed9-47eb-8a2c-e1d8a04602e5,33945,2024-07-23 23:52:00,1993.19,Suspicious
98e36ef0-513d-4f55-aab9-56f6ff6cacf9,81955,2024-10-29 20:07:14,3584.12,Suspicious
783569fc-8f71-4e06-bb7f-4704313d972a,53007,2024-12-04 23:06:31,4405.8,Suspicious
a4962af6-d648-4a80-9080-5dd5b9236e8f,51882,2024-07-02 04:53:20,1534.43,Suspicious
82f90e3a-e160-408c-9344-fc80311f0c56,70393,2024-11-24 23:56:51,3032.92,Suspicious
7f7ba202-5622-48f7-8c4e-760f1e050e73,23477,2024-10-21 17:54:30,1004.9,Suspicious
ad004ffd-390b-48c6-ad87-85c97bc667c2,46917,2024-06-13 17:53:05,4351.93,Suspicious
93a832bc-0702-486e-ad84-1d7b6727855f,24414,2024-01-08 05:04:57,1923.05,Suspicious
bd8f137b-7aac-42cb-b1bf-9b20fa7ab65c,75538,2024-04-03 23:52:11,3558.33,Suspicious
5df5bd66-6f70-4f18-aec2-1417718d215e,52729,2024-05-06 03:38:31,3178.9,Suspicious
3d865d31-10e7-4af2-a992-002cb9c2bb8b,8378,2024-09-10 19:21:15,1574.87,Suspicious
383538b9-db39-40a7-8bd9-e6710978e82c,59324,2024-09-11 19:56:25,1388.26,Suspicious
ef1f7913-d98f-4671-bb4a-56d6d6d3175b,7354,2024-08-25 15:23:49,3522.79,Suspicious
5714be85-eec3-4216-8383-d22747981a86,61065,2024-05-15 20:56:04,3678.72,Suspicious
e654fa08-9d2d-4b0e-a43e-30972fabba9d,56146,2024-05-29 21:49:53,3958.21,Suspicious
78c28f29-8de7-4362-8a1b-8da87a6af3a9,10626,2024-02-15 22:01:01,3668.44,Suspicious
0684aba6-2621-411d-976d-3401a73dfc96,76218,2024-09-15 15:33:10,3361.19,Suspicious
6f2f2ce2-4ae1-4f48-8e51-5d88a56c0469,66622,2024-05-15 01:43:15,3423.67,Suspicious
c382db7e-4880-44e7-bdc8-794e9cb4426e,79963,2024-01-04 08:39:00,1121.89,Suspicious
2c760b2d-950e-48a5-94cc-9dfa4bf74b57,74098,2024-01-12 16:20:02,4796.46,Suspicious
8b73fda1-e464-4615-b5d3-7b5a2a5c6ce4,43719,2024-02-18 22:35:45,4659.23,Suspicious
b24131d0-bf8c-439a-a320-25f16513e2b7,62826,2024-05-24 01:34:30,1242.78,Suspicious
ac966dec-1163-4ff6-aff5-9cb4c4602fcd,12148,2024-07-03 22:27:43,4909.53,Suspicious
ad294700-a5f0-4498-bce5-f2e5bda6b4f5,66748,2024-07-30 05:55:33,3276.32,Suspicious
9d7a6a4e-272e-470c-a3e2-f64253140293,93502,2024-10-15 01:01:52,4433.49,Suspicious
0a6a99ae-7382-41b0-a0e5-1ea715ebf15a,10509,2024-02-10 16:02:27,1183.29,Suspicious
3646c073-4218-4c91-bb60-33ca1d292955,93321,2024-06-27 22:28:05,4981.73,Suspicious
7c125c39-2ccd-4b01-bd9e-33c4a8d1c4d8,91072,2024-07-21 09:36:26,1758.61,Suspicious
1be19fca-7b7a-4d67-b332-b190f63a8655,19311,2024-03-01 11:53:14,1061.74,Suspicious
2781886f-d11b-427b-8f80-afc69ef806bd,58236,2024-07-26 17:48:49,4517.75,Suspicious
adf9ef08-ec4a-43f5-a2cc-d922dc50f2ce,31260,2024-06-09 06:29:37,2793.88,Suspicious
c2744a70-9a5b-4860-8205-9542fe0d9c56,64956,2024-10-15 11:00:08,4568.98,Suspicious
8d5e16a6-d0e0-4a98-9190-6cbe7ff4f159,36109,2024-04-17 07:00:29,3583.89,Suspicious
a01371db-c4e4-4b7a-87e9-8e6f912de1bb,40681,2024-01-03 17:14:03,4263.31,Suspicious
c2340c91-bb55-490f-909b-7b006b70ad5e,21673,2024-09-20 14:26:03,2530.03,Suspicious
65568271-89a7-45d6-b425-d123e83d97f1,58440,2024-02-14 08:10:34,3407.93,Suspicious
ae9b3428-2570-4315-9b2c-e72619b917c0,80913,2024-05-15 04:29:24,2380.18,Suspicious
cd50ab29-e207-4063-a326-0cd24279e76d,88497,2024-04-13 21:33:23,4978.37,Suspicious
095c887b-c6df-4d73-b104-f0969a4ae81b,7326,2024-06-26 08:22:53,3138.11,Suspicious
489156b7-2a83-42e1-aee2-8dbdcf91f0b0,83034,2024-02-25 08:52:35,4025.25,Suspicious
a1a89e40-7644-4d99-a9f7-9bcfe1625b40,84287,2024-02-15 02:13:08,3049.87,Suspicious
c5271fe9-7ef0-47ae-9dc4-8f94e87bc5c4,6893,2024-02-26 14:34:52,4438.86,Suspicious
e64a0a28-7619-4d18-9ee4-6f03943e3a30,31966,2024-04-19 14:30:18,3692.72,Suspicious
f0822906-f34d-4cd5-8e3f-3e05efd85129,59986,2024-08-19 18:19:30,4954.14,Suspicious
1b6b916a-faac-422b-b480-d955c2d51e0a,76826,2024-08-06 18:47:05,4676.48,Suspicious
ce5238eb-7bb4-47f0-81e1-93f8a1ba8c35,79273,2024-11-02 18:15:56,4808.63,Suspicious
6531537f-11bf-4de5-a48e-c419431e6951,25502,2024-07-09 13:08:03,1795.27,Suspicious
534d8f0f-f77b-4767-a847-cd05d58988a8,88480,2024-01-17 02:13:41,3503.98,Suspicious
b1c492c3-c2c7-4787-a2eb-30c5b7094acd,88224,2024-10-27 15:01:40,2651.76,Suspicious
e0cf0e03-dc92-43a3-b2d2-21f941ca9e80,13669,2024-04-27 10:28:45,4108.36,Suspicious
97b28f41-8c2b-4aff-9fae-e3ff2fc556a9,74194,2024-02-26 18:19:47,1205.81,Suspicious
f2ecb58f-8b6d-4243-b5f0-18f0dcd8a0ab,11170,2024-03-16 22:28:34,2241.3,Suspicious
e7b0b240-2393-4093-8802-cafb6008d188,59242,2024-08-29 17:54:40,4818.35,Suspicious
cc3d8d7e-7dbd-4bf3-bd0c-4512a9e9ac18,93362,2024-04-04 23:11:25,2354.21,Suspicious
77e32734-fca3-4da1-a906-b3f144e12304,46554,2024-08-20 06:16:30,4779.35,Suspicious
1feb4b89-7843-4151-a8b7-9570edddcdcd,10197,2024-11-20 03:03:26,1778.35,Suspicious
d979f5c2-9a4c-489a-a5d5-6fe0e09a3b6d,2720,2024-12-01 08:08:27,2385.81,Suspicious
92ebeaee-7a6b-471e-acf3-e6b74de40bfa,41650,2024-03-01 23:58:37,2967.54,Suspicious
f67ad38d-9ab9-4248-9597-a2d497e2684d,52737,2024-01-27 13:26:08,4517.08,Suspicious
f36fdf56-b876-456c-a17e-48f1d7f9217a,53523,2024-07-22 09:04:30,1166.44,Suspicious
5ec589fe-d27b-47cc-9503-353e73b51733,28708,2024-04-12 04:23:44,3453.3,Suspicious
7e17a131-1cf8-4cf1-b03a-34103acbf80a,3808,2024-12-03 19:38:52,1862.18,Suspicious
7407ff23-a116-4186-ac78-8cd9bd400d93,57270,2024-03-14 17:41:58,2494.75,Suspicious
baeb3789-e85e-4c4a-b748-03c228417e64,76964,2024-07-01 00:50:56,4894.17,Suspicious
6aa2142e-2a7c-4e61-8578-d9d4606191d1,63106,2024-03-29 08:48:36,4071.08,Suspicious
aa5f5f40-f882-4c9e-a41f-fbb144337ec1,60492,2024-06-26 00:41:11,1521.96,Suspicious
3c0d89bb-2f3d-4822-ac08-6c2d65db869a,62192,2024-01-14 16:25:12,2540.64,Suspicious
a8073098-628d-4ba4-8834-555129b9b29d,20285,2024-08-03 16:40:15,1923.01,Suspicious
4fae0d99-53f0-4e03-8848-e4229a71c48a,43087,2024-07-30 15:21:05,2013.1,Suspicious
c19d062c-9777-466b-8b96-8e628a66b735,53900,2024-02-29 11:07:17,1816.43,Suspicious
c2c03d9b-ed70-4d5e-84c7-aa80cb170ad5,78834,2024-01-11 23:56:20,1899.2,Suspicious
8b511d96-2b5f-4e66-8926-25dc26f46af8,82485,2024-01-18 14:02:08,1263.82,Suspicious
2ef6b91c-a12b-4670-bdf6-8790bfee36ab,50909,2024-05-06 08:43:09,3754.77,Suspicious
7d4cbef4-808e-4114-9ec0-3a40b024018a,40892,2024-08-03 10:47:25,1738.68,Suspicious
4e98d05c-4353-45f2-b830-fdb862d45297,89664,2024-08-08 13:59:59,2754.05,Suspicious
3d5e215b-128f-4a4b-9625-b61cee48bbdf,17103,2024-10-30 01:09:14,1381.26,Suspicious
42967b1a-ba42-4025-a51c-9000c3c2751d,61188,2024-03-11 08:41:04,2186.19,Suspicious
0effaa55-fadf-4f2d-96c8-d562e17fe080,71454,2024-04-13 00:23:27,1716.98,Suspicious
8a9aa2af-658a-470f-b7e2-0cb383148a6d,42885,2024-12-09 04:52:20,1388.83,Suspicious
373607e2-bb88-4e04-a58f-fba0b11b673d,49076,2024-06-23 05:09:25,2119.41,Suspicious
4db2ae7d-ea5b-44fe-9507-1f0f53e030d7,31388,2024-03-04 08:34:35,3822.41,Suspicious
69c553d3-8ff2-4c53-a7ec-5fc81236de92,69446,2024-06-07 08:45:04,1330.06,Suspicious
a6990fec-b8fd-4ab9-b42c-3ff299633808,6701,2024-03-29 22:54:19,2435.36,Suspicious
c6983667-a205-4274-bcab-21f556c033f4,40715,2024-06-07 17:32:55,3608.0,Suspicious
e3014dc8-ab0c-492a-8508-dfd3f859a038,92995,2024-07-29 05:42:08,4425.55,Suspicious
badc6171-4e5c-4c97-bf33-7c76469189c6,81160,2024-07-25 18:23:34,2156.54,Suspicious
c39f5dcb-05a6-4df8-9626-d72fe778083b,84093,2024-10-16 11:25:33,4959.4,Suspicious
7c0a1fc5-9180-4427-b6a0-0f2b5640f88f,10528,2024-01-20 14:14:13,4367.9,Suspicious
2d00994e-c41f-4c05-a4b3-96bfd81ee200,40063,2024-08-17 09:29:10,2845.66,Suspicious
5fb0cb64-24e2-41a5-b63f-c867881d6364,32514,2024-08-27 01:30:10,1566.14,Suspicious
eabc9173-1568-4c93-9a3a-3988a0108b35,85957,2024-02-06 17:40:07,3241.13,Suspicious
a2853cb9-3358-4511-97b1-1a474e8a07d7,26319,2024-10-10 09:46:21,3630.31,Suspicious
c8634004-6145-42af-a080-cdc692a71f44,91640,2024-05-05 16:19:42,2422.34,Suspicious
25ce7dee-737a-4247-b93c-3a033079a60a,25476,2024-08-30 06:45:16,1675.04,Suspicious
54632a82-0493-4640-a1c5-5f6ffb74830a,90781,2024-06-23 22:57:39,2127.46,Suspicious
5f229c6d-ad02-4c8c-8bf2-027493900bc2,75249,2024-09-10 05:12:08,1871.17,Suspicious
111acd88-4323-4817-b0dd-d58360f6820d,74331,2024-10-21 21:27:30,4021.78,Suspicious
472cc0c2-70e3-42d4-8cc2-226430b5abd3,12941,2024-08-27 23:46:03,3197.41,Suspicious
f8b7e139-2cdd-4c42-8992-76493b19415f,64421,2024-01-16 12:41:01,2700.71,Suspicious
dec022ec-42a5-4818-bc19-71c29c6ee3d8,20982,2024-05-04 03:01:22,2927.41,Suspicious
8d945859-d772-4514-9790-741708a67732,72637,2024-02-10 07:56:13,3177.57,Suspicious
e0e01526-870b-4d78-9842-010f3fb4d855,67112,2024-12-10 22:04:59,1875.96,Suspicious
71176331-ea9b-483f-af39-043330d67fea,25336,2024-01-20 17:13:55,2964.28,Suspicious
c31166cf-21a4-4fa2-946e-0697c2fad1c6,16163,2024-04-19 23:19:21,3998.88,Suspicious
ff43b5bf-638b-43d3-a04d-ffa155aa6df7,78391,2024-09-08 19:40:19,3920.03,Suspicious
df526a48-3475-4a44-8594-210ff8655a27,19646,2024-01-04 05:58:18,3086.38,Suspicious
effaf71a-80d8-4fa9-a786-41cc69e1794d,50476,2024-07-15 19:43:33,4283.32,Suspicious
88c64687-cc04-4bdc-89e7-a319108eee01,56962,2024-07-24 00:14:55,3553.28,Suspicious
62973301-0d9c-4f3a-a2c1-f2609ea9bff2,44928,2024-08-07 17:09:51,2480.67,Suspicious
0a7f839f-3200-4529-b7ed-446f5d7f0dff,92566,2024-04-20 12:22:54,1515.17,Suspicious
51763b35-492d-453a-ac91-ba7161c42220,61670,2024-12-11 19:41:51,1778.56,Suspicious
59f11fad-68e6-47b9-871f-360d709a36cc,79672,2024-07-29 06:22:12,4011.63,Suspicious
5052456e-9c13-4051-ac88-1f75a378c879,9456,2024-07-15 05:54:28,2474.21,Suspicious
e01c6901-bf53-4f7f-a833-6530707c76ea,21298,2024-12-14 20:44:21,1514.11,Suspicious
6e3957bb-af9d-4ece-9496-a87fd54c47bd,37750,2024-07-25 01:25:55,3782.32,Suspicious
522e9dc8-bbb8-4e90-b016-33166c9678b2,83646,2024-09-10 19:39:17,2689.34,Suspicious
eff46268-42da-43d7-a85d-f0c3892bcd96,55531,2024-11-04 19:46:56,2203.41,Suspicious
31fbc0c1-e7f8-4797-9d7c-aa30f53ef077,62390,2024-05-26 03:40:17,2026.51,Suspicious
3576da00-1ca2-4776-9484-0a05352a75e3,34122,2024-09-29 02:46:09,3576.27,Suspicious
ec4a28d9-aaf2-450f-bd56-781dabee82f7,53540,2024-10-15 01:06:40,4146.28,Suspicious
3c5c8556-e919-4e72-bac8-63ee0302b6b1,83147,2024-03-27 19:39:52,2074.51,Suspicious
0f0d1f03-458f-4415-a7f1-c426fe0633b5,79140,2024-08-29 16:51:48,4992.97,Suspicious
66288c49-5d17-4a30-91d3-2d4f19bc3387,61673,2024-11-06 10:22:56,2288.84,Suspicious
0df1212a-c625-4ac2-a7ff-a82855fd7c63,28637,2024-10-25 01:27:36,1895.82,Suspicious
32ce3a24-034a-46f0-b960-1d41b5d17146,1177,2024-11-13 15:02:15,3748.11,Suspicious
76f7fb3d-3c0a-4e93-af71-822e2fff2280,95549,2024-09-06 01:41:52,3446.12,Suspicious
3fe646ec-91fd-4cb0-b358-84f761fb4008,67625,2024-10-26 12:17:33,3329.9,Suspicious
6e26f52f-2bef-4a08-b7be-1c6fa9757a28,68054,2024-11-10 08:46:37,1614.46,Suspicious
b4175e1f-491b-453f-bbe7-067c5537fbef,31850,2024-07-24 13:41:09,2438.4,Suspicious
0086622d-48b0-4dd0-b2b8-ff55f9868947,72775,2024-03-25 17:03:07,4276.36,Suspicious
c73be8ee-eb91-4383-89d2-80eee5374fae,87028,2024-02-25 10:52:30,2147.92,Suspicious
c9330688-a96b-420a-bbdd-ae3095f80a7a,44066,2024-02-02 15:36:49,3551.32,Suspicious
3fccc76f-4a07-4f36-a2fc-8a8cfb715cf1,21842,2024-10-15 01:49:41,2702.22,Suspicious
ef0c4af3-ddee-468d-a15a-29c3d056c219,87994,2024-10-17 21:37:47,2283.24,Suspicious
59690995-c81f-4200-b438-a5fd9a9d8725,50867,2024-03-21 06:21:56,4310.03,Suspicious
573e584f-8283-4ca1-83e1-31932b88a04d,27540,2024-11-13 00:56:22,2879.78,Suspicious
09c5de91-fa40-4bd9-84f5-21554c272734,32468,2024-05-05 18:38:23,2020.9,Suspicious
9bb31709-50da-4826-8598-61c70d21d768,1848,2024-03-14 08:34:07,2160.21,Suspicious
64495567-6f09-479c-900e-e442cd80fc0e,32641,2024-10-28 13:33:44,3769.98,Suspicious
ee1044e3-5b39-471e-9d8a-17de1fc59c43,37456,2024-08-02 15:09:59,1378.37,Suspicious
0f80e9a7-4308-416b-b43e-8947098862a2,59706,2024-01-28 11:14:24,1603.35,Suspicious
b70b0989-0762-4ac3-9bab-d389e72dd6b4,83652,2024-09-22 01:45:48,2620.99,Suspicious
9e6b89ad-1ebc-4c49-8382-063071299003,87155,2024-05-14 09:39:00,2004.37,Suspicious
2306c11d-a0fa-4a15-95d4-45a587961e36,56119,2024-09-08 23:44:33,4910.64,Suspicious
017c7158-6d1d-48b2-ae1b-3c6702cf88e5,2258,2024-04-16 10:55:44,1336.0,Suspicious
8450d5f7-4764-41c1-ac81-60be159b721c,33729,2024-03-06 07:23:24,4457.85,Suspicious
66d9e0a1-75ee-4eef-8ecf-016e4e26e0a8,62935,2024-01-15 14:20:57,1667.08,Suspicious
8406b1b4-db5f-4d5b-9d89-629ad0974c01,59931,2024-04-10 11:24:37,2776.68,Suspicious
d9dac3db-e211-46b6-9f3d-f22397ebfe3e,52712,2024-08-28 01:23:16,3665.33,Suspicious
ce31b92d-9057-4c28-96bb-08a486d2656c,18379,2024-09-23 20:39:24,1111.14,Suspicious
b14c1d72-4f0c-4bd5-9d84-5b3ebefce730,76090,2024-04-19 11:01:07,3365.94,Suspicious
d1161ee2-05b3-45d7-997b-4f79862bdc5a,33809,2024-09-16 10:29:01,2478.98,Suspicious
359b65c9-8b3a-4271-a2ee-2b830001010a,94447,2024-09-06 08:14:20,1420.91,Suspicious
0f21497e-33c3-4453-acf8-3811dbcd56a4,98160,2024-07-14 05:47:51,3943.16,Suspicious
306219ab-98dc-4ade-a32e-e8f1e8a9eb26,45310,2024-11-23 18:49:10,2461.43,Suspicious
6939d71e-ac74-4246-bf19-7180af9585d0,91290,2024-02-10 18:56:16,3468.12,Suspicious
3931913e-9c62-4069-8536-331fd8c22424,76147,2024-01-08 10:31:07,2168.14,Suspicious
333a06ed-222c-4072-ba5a-4b5fd812b97e,38594,2024-11-08 06:26:34,4041.15,Suspicious
39aaedb9-2fd7-4ce9-8b24-2042d4b45454,52255,2024-05-04 22:18:50,1617.07,Suspicious
ff761c22-a0fd-49c6-bf87-f7f8deadce07,61225,2024-03-23 03:24:38,1807.68,Suspicious
1e3097a7-5f74-4a5b-bb4f-52e8fd760475,92249,2024-12-13 20:42:31,1043.38,Suspicious
eb71b748-618d-44a3-a844-d0bdd3039a21,95013,2024-02-21 17:14:51,1968.43,Suspicious
36aa4c9c-6f55-4a64-8a62-61a8776477aa,36105,2024-12-08 12:28:44,1852.97,Suspicious
f7ecbbe8-d140-4ab5-8696-bcb3d4f33024,66633,2024-05-22 12:03:23,4733.03,Suspicious
b077fd18-4dad-40ce-8d44-df8fe40d6ea1,29008,2024-09-08 13:49:41,4535.69,Suspicious
850a49e0-7080-491d-8470-6f9d6eadc2ce,16225,2024-11-14 22:14:31,3708.98,Suspicious
b3b11ab8-8797-463a-9ed3-8fd14590e501,3694,2024-03-16 01:35:24,2556.44,Suspicious
2249f40b-09f4-449e-9eea-0f52a728db9e,95936,2024-01-24 01:52:20,4527.46,Suspicious
ab94ac6a-b041-4f14-9a5b-6b35d21c61cd,32033,2024-11-15 18:16:11,3586.39,Suspicious
31ea1c0d-84cc-4633-bf9d-4ecadb7b8998,15054,2024-01-14 00:40:17,4687.2,Suspicious
cfb076db-3706-4474-ad84-960d4f6ef079,50786,2024-04-16 06:37:51,4335.3,Suspicious
fabfa18e-b190-4502-997e-1274208de2c9,51561,2024-03-24 01:19:00,4525.25,Suspicious
9b3ff77d-4f3b-47a2-9d4b-afe8cd194543,6168,2024-08-13 04:55:37,4971.26,Suspicious
d197588f-45af-4b03-b541-f0bfaa143c79,80400,2024-08-23 10:17:34,2433.14,Suspicious
1be2971c-827b-4016-807d-076949b11e80,26877,2024-10-23 14:37:01,2938.69,Suspicious
640e6dfd-661f-49a6-958e-89716ee6c089,99900,2024-02-05 00:36:38,1477.28,Suspicious
c22ed3bd-5414-4aab-98a5-859eea401f9d,96618,2024-04-19 04:57:34,2365.78,Suspicious
84ec2cd2-7a1d-48cd-961d-fe737eb776d6,22554,2024-11-10 15:27:02,1349.87,Suspicious
6c040833-dfc7-4414-8301-79e58ae01238,74134,2024-08-22 00:57:28,2044.73,Suspicious
dfc75aab-82ae-4270-990d-fdefa7a601c0,25923,2024-09-10 02:57:50,2275.96,Suspicious
f1ccbb51-3c76-4049-82e2-1b19555fc4c7,4769,2024-01-27 03:20:28,1394.25,Suspicious
fafb39ab-51c1-418f-89ea-5c5ae27a1902,52468,2024-04-12 18:34:51,2089.54,Suspicious
d5ce36d1-798b-4610-9b85-adc29109afa1,52730,2024-09-30 17:31:59,3332.78,Suspicious
d263d6b1-0a4e-495b-ab31-fc4b56aa442f,43517,2024-09-09 23:16:59,3593.36,Suspicious
c01de016-9590-4b96-98f0-f0b3b9b40b19,88373,2024-04-25 18:03:36,1505.78,Suspicious
455780d8-e32f-4572-85ac-5db17c2d0b56,89782,2024-09-14 13:38:36,4651.78,Suspicious
d7ad43dc-d58a-4233-a0a4-95fef4ac996c,87114,2024-03-03 07:55:50,1817.79,Suspicious
a989a13b-07c7-4d6b-a241-dfe9b0880d5b,2389,2024-10-22 11:55:51,3261.77,Suspicious
995e7666-4074-4cfe-b3b7-2d715b6621b3,28752,2024-09-21 19:59:10,4723.77,Suspicious
5409706b-3361-48a1-bf58-8c58d2f903be,82828,2024-03-25 13:29:14,3296.47,Suspicious
774481e3-e87f-4ad4-94c5-f593b4519ad5,84262,2024-06-01 20:51:52,3492.81,Suspicious
f188b3a0-97cb-4722-842e-feb57c87384f,93947,2024-05-25 23:59:15,1961.71,Suspicious
b48f0b3c-7a58-49c7-b3c1-bad2fb5038d5,66972,2024-11-13 15:38:00,2355.52,Suspicious
3ac2b4ec-8543-43fc-afd0-f055560a82f0,12968,2024-05-20 06:28:01,1995.33,Suspicious
3dc99fd6-9e73-4e88-b3e8-43294f9f836b,52913,2024-08-28 09:03:34,2453.49,Suspicious
3a7d57cc-e3f6-4fd2-baf4-29132c29c0e6,70477,2024-02-24 04:55:36,4807.66,Suspicious
413d65bb-a95a-4f55-9ed1-d9e6a1843b20,16438,2024-09-21 03:15:13,3545.28,Suspicious
fd893e22-0db2-4a5c-ab4b-d702c93d702f,33655,2024-06-12 21:47:28,2508.6,Suspicious
aa130b6b-29fa-4ed6-802b-4290713d9450,69024,2024-10-19 08:29:18,4735.8,Suspicious
2efacdfc-c3f6-40fc-b216-c6d7f2ec954b,60073,2024-09-08 17:07:13,4161.82,Suspicious
b6f3ed52-fbac-4606-9ea2-c2feb1853658,51749,2024-10-29 21:17:00,2882.42,Suspicious
30cca040-3830-4898-ab68-1a3de125a723,22874,2024-02-03 10:48:43,4617.66,Suspicious
323b1249-b3d8-4e3e-aa95-042480ff536f,31688,2024-12-04 23:58:44,4090.61,Suspicious
6f82654e-e553-4054-b3f5-57b895b6046b,2224,2024-08-28 21:45:53,2630.57,Suspicious
89b5929a-5be4-4cb6-9dbb-4bd8ab255957,63857,2024-04-12 05:41:40,1040.96,Suspicious
5ae1d097-9c75-4124-bbcd-ff92c3ed97c8,83953,2024-12-11 05:33:17,4114.21,Suspicious
9e71fca2-2bfc-4787-ae7e-0c6f6fb9c274,1799,2024-01-10 00:51:43,1056.01,Suspicious
70da9446-5a4d-4730-b41c-d93e2d1b03a7,41419,2024-07-26 16:23:56,3072.36,Suspicious
34b9122a-5b60-46b8-9257-1b2d23e4768e,10300,2024-04-13 11:40:53,3801.15,Suspicious
7697e9a7-29af-4a37-a184-2df7ffbe0712,18329,2024-07-04 07:25:07,2035.4,Suspicious
3095111b-fe0e-402e-85b5-78a9182c8cef,54540,2024-06-23 02:29:08,4247.28,Suspicious
4159a930-b7f1-4178-936d-8afc996a937f,78936,2024-03-30 16:21:18,1670.34,Suspicious
f6180f1f-8ac1-43e6-bbcd-bc3922084ff8,87564,2024-09-01 23:33:56,4356.25,Suspicious
d7c53408-b92a-46ca-ad01-c85c96c27c79,16622,2024-01-13 05:44:46,3520.1,Suspicious
3b3ba216-b297-4d78-8520-578394cc433d,12454,2024-01-02 04:27:23,2293.91,Suspicious
25ed17cf-ca2a-4b5e-9245-6a091f99dad6,45707,2024-03-26 16:55:50,2016.15,Suspicious
87048af8-caf8-474b-9b3b-4eeffa41c40e,66892,2024-05-23 02:38:03,3917.59,Suspicious
6c72b358-1ef2-4015-9005-ffd8eb0cbffb,35440,2024-01-02 23:17:01,2925.77,Suspicious
d31e760f-9995-4de0-b5a9-8f0c8bf0e3fa,32208,2024-07-16 11:20:15,2253.13,Suspicious
a26a9790-1387-4242-b7d2-444f5a573d99,99729,2024-08-08 13:59:22,2964.34,Suspicious
58724489-66f4-4bd9-bca7-fadc2135acba,47049,2024-11-24 15:24:22,3792.94,Suspicious
88d93955-741b-45be-a82d-f1209a324c10,45736,2024-03-28 21:01:33,2964.68,Suspicious
3ce221dc-28f1-4bdb-a7be-087bbb9fc21d,63895,2024-09-14 02:24:46,1303.2,Suspicious
c630bcea-80b2-4e2a-b583-7871d53244b5,15891,2024-01-29 02:56:04,1559.6,Suspicious
4666f42d-6073-4790-8491-2207c9bb7995,17195,2024-09-16 12:31:42,3209.5,Suspicious
3c4427ee-5aa6-44f8-811f-7646f788f335,81927,2024-06-18 06:08:47,2562.55,Suspicious
5102efa3-47af-4704-82fe-90d24a93a8f4,2946,2024-12-06 09:25:10,2828.37,Suspicious
3fb5e358-f4bf-4d4b-b100-6a81f7576812,85299,2024-10-05 09:07:33,2832.5,Suspicious
94b71f06-a3a1-4c88-9789-049febaf2be5,23339,2024-10-18 12:54:49,3962.79,Suspicious
5d792138-b3ee-4cba-9dc3-d91374c5a8ab,90555,2024-04-03 06:30:18,4417.43,Suspicious
4e76b1d5-ec08-4084-915c-6f0301c91521,90052,2024-10-17 00:53:56,1640.89,Suspicious
4abf75c9-4e58-4660-85ac-c63e612916af,77839,2024-11-12 03:58:35,3607.98,Suspicious
d52f0fcd-f5e1-4b59-a5ba-ff2abb1906ec,76052,2024-03-05 21:49:22,4153.37,Suspicious
facdc22c-bc7a-457a-9e05-014da693282c,17240,2024-08-19 14:20:36,1909.75,Suspicious
89a9e3ba-efd1-445d-815f-54127cf5128e,27842,2024-07-02 07:37:55,1633.36,Suspicious
0ad79a9c-1cc8-41b7-a083-35136d62fdca,72309,2024-03-11 05:24:40,4897.65,Suspicious
b7ff186c-7531-47e8-89a8-42ebf29de0bc,31359,2024-06-13 15:00:12,2780.7,Suspicious
a81e5a90-71f1-4d4d-8b20-fbd6a877c9f3,55910,2024-07-16 22:38:29,3871.44,Suspicious
83761acf-8936-41ac-a18a-8847c8db89f4,81966,2024-02-21 23:18:56,2023.01,Suspicious
6bf3b661-5676-44ea-821b-35f3f4965438,60922,2024-10-02 00:15:10,1137.18,Suspicious
633a2d27-42a6-4368-a98e-dceb9a5aae93,30778,2024-10-27 02:32:14,3048.49,Suspicious
248f3f70-7465-4091-aa32-7bc939799890,81113,2024-03-07 15:47:49,2616.81,Suspicious
0aca76bc-7e08-4181-b191-f3c27a2d6edb,16209,2024-07-18 15:31:40,2893.51,Suspicious
59c2a1ff-7c68-4ae3-888d-93f4bc9ad73e,1461,2024-06-21 09:18:47,2487.38,Suspicious
e98c6c80-811c-4688-ae82-8398b848a1f8,98488,2024-07-15 05:51:07,2595.04,Suspicious
46286f9e-077c-4025-bf40-c1fd883e0cd2,67660,2024-02-12 12:29:18,3436.4,Suspicious
3c45dcc5-c4de-4a25-b873-35ecd11e34d3,95801,2024-03-11 15:47:48,4057.18,Suspicious
60c28932-5f69-4584-801a-c369a4cacd25,26685,2024-04-25 08:48:48,1188.97,Suspicious
75d62084-4076-49d4-b430-ff224ae687e9,86759,2024-07-16 08:19:59,4184.61,Suspicious
7571cbed-63e4-4a41-b932-68ea4e79ce15,55428,2024-04-12 11:11:37,4176.63,Suspicious
824b0610-e501-498b-8b20-a87d395f549c,80160,2024-06-30 16:33:22,4997.96,Suspicious
f33bdfa6-17da-4ed0-a1e3-76e2e1ababa6,39936,2024-03-06 06:08:39,2697.22,Suspicious
652bffd1-f851-46e0-95e5-85fdb0ca3c47,88640,2024-04-24 05:35:02,1833.35,Suspicious
d80949f8-e8b8-4799-952f-cc2306909579,46958,2024-03-07 03:14:35,1100.27,Suspicious
4214f297-e27e-44a4-bba6-e0df33d7c9e1,60568,2024-08-21 02:53:38,4520.47,Suspicious
c7c09c91-20ec-4ee1-81bb-1666a7e79147,45751,2024-01-07 10:21:21,4881.36,Suspicious
e9beedb9-1b2d-4ed8-b7e3-fb01f0a452d7,29697,2024-08-13 10:10:45,1160.68,Suspicious
d706ebe7-b37f-401b-9753-f2a785fb5156,69371,2024-12-02 06:26:22,2643.28,Suspicious
03a077f9-eda9-4e12-ac0c-f2d7781b878b,88860,2024-06-08 16:43:01,4469.23,Suspicious
1b023ce8-4059-4156-9c94-215403440906,65138,2024-08-14 05:19:54,1758.27,Suspicious
50ea7cab-8581-4a87-a0de-f1350f90e4a6,65198,2024-09-21 07:57:33,3140.7,Suspicious
c2ef4a26-edc4-4919-9273-e0601afb81d9,4089,2024-02-14 10:37:33,4669.08,Suspicious
b8bf1415-da0f-4ba1-b11e-4c572cdcff76,71286,2024-01-28 23:45:12,2274.04,Suspicious
f150afe1-92be-4993-aece-1acd126d86b2,89512,2024-01-18 05:23:55,2559.22,Suspicious
b468dcb2-9b2e-405e-b29d-8e5d5888a64f,87489,2024-08-23 06:09:45,1609.99,Suspicious
633838cf-7dc5-4de5-9d0e-a7e61ea4fb48,2600,2024-01-06 14:46:54,4840.98,Suspicious
75ef9723-c7b2-49ae-bb47-e4f4f5b926a1,24297,2024-09-18 17:10:30,3685.22,Suspicious
fd5c23ba-4c01-42df-ab8c-1a6b8e773bbf,82866,2024-12-16 00:22:10,4986.95,Suspicious
95867e47-df7c-4738-b139-012d2b463399,41026,2024-02-13 13:41:14,3363.1,Suspicious
b263bde7-35ad-4806-b6a8-772f37ecca84,44391,2024-01-14 19:14:42,1405.1,Suspicious
d1469f61-fd23-4ced-8275-57a14dff9a06,84067,2024-11-21 20:43:04,2452.25,Suspicious
99022c6f-15f4-42db-a535-10f3edbf8bcd,42736,2024-08-07 13:13:38,1852.62,Suspicious
23a89c66-d91b-4371-8b15-b627579aa897,36359,2024-04-28 05:09:56,3859.28,Suspicious
3125dc5b-04d8-49ec-9deb-47cede63580d,18019,2024-01-21 03:27:27,2944.09,Suspicious
1d1781ca-15e7-4419-b6cf-60d80ad96565,21889,2024-06-21 09:17:52,4936.61,Suspicious
ec24ff2f-11ce-4e57-a326-b618f6e3afea,50529,2024-08-26 20:34:00,3358.63,Suspicious
24835dfe-42c9-4668-802b-c49fc51c9d51,30521,2024-02-18 10:41:28,3348.27,Suspicious
f44ea9db-6daf-4af0-ade6-408adbc8fac3,78010,2024-02-26 21:39:26,2249.64,Suspicious
6e82f712-c1cc-4973-8da1-fc7071f033c6,61274,2024-10-12 08:28:24,1863.27,Suspicious
57795ae4-6c1f-446b-b11d-abe932de804b,96389,2024-06-12 03:57:47,2322.49,Suspicious
f9f43285-de18-4b99-8a6f-209433dae87d,36658,2024-10-08 22:48:20,2829.26,Suspicious
6e07ea63-b283-4e61-91b1-76a1fb8afd25,16798,2024-06-13 07:16:13,1246.6,Suspicious
44df9002-0196-4f9c-81ee-76889818b883,76519,2024-07-04 08:27:13,1519.06,Suspicious
0ed266e3-b15e-4f73-94e9-4ea8cd1372e7,23951,2024-03-10 06:06:53,3515.96,Suspicious
437e9f2b-c71e-455e-bc66-0f0f21bfb8f7,10869,2024-02-12 04:54:12,2890.65,Suspicious
52e80e26-bc9d-4bbd-9dd0-15f3c7943ec8,9957,2024-08-24 00:52:33,3076.94,Suspicious
eaa50c82-606a-4e94-a8e0-62beec32224e,73905,2024-07-18 10:36:56,3537.17,Suspicious
55007e25-a683-4566-9b6e-3f4d2790b3df,99126,2024-05-25 19:53:32,3278.1,Suspicious
1bb2b7f7-52e1-4221-91b2-4f76aa83645a,66878,2024-04-01 23:54:49,1002.8,Suspicious
1a604227-7161-4bec-8451-6e8693d5c68b,28790,2024-02-01 22:52:15,4460.71,Suspicious
eb82c812-3b47-47aa-a4c1-ffce0d377e59,78119,2024-02-17 02:23:16,4507.96,Suspicious
2cc80362-38d8-4fe5-bfcf-9405165d3a89,87511,2024-07-22 13:08:16,2181.56,Suspicious
85b0ba5e-2ac1-4253-bc81-b8d1e3542d95,63615,2024-03-25 09:47:14,1683.89,Suspicious
f88c26c5-b350-4d41-957d-75e0f9df95ac,11872,2024-07-06 07:09:43,1983.89,Suspicious
8f84aa5b-e72a-4b81-bd11-6927276fcd2a,52819,2024-01-19 01:57:13,1098.78,Suspicious
16dd2334-7d1b-42de-9123-5e10ce1a72f2,59702,2024-04-19 15:17:26,4047.97,Suspicious
531d363d-6c9a-4de5-83dd-15609a6d5bb3,62564,2024-09-05 11:30:36,2383.52,Suspicious
5dfd99fa-3101-4fc9-a0e0-118efe0a137f,40803,2024-03-21 14:54:17,2290.0,Suspicious
1cb91a06-b264-4ea7-84f4-a7d97d59e75b,19833,2024-06-21 07:25:05,2038.48,Suspicious
5dd35236-2b2b-4b23-a1e2-2f19f13589f0,53015,2024-04-19 13:16:44,4693.59,Suspicious
765878ee-a774-4450-b63b-26fbf0d9cb59,13564,2024-08-27 22:31:12,4355.79,Suspicious
ed8d07ec-4b20-4a85-ab07-e9b813621427,4571,2024-11-20 06:19:17,2362.11,Suspicious
5392bf6c-c45b-489a-8612-e19b0df44c45,83941,2024-07-23 13:37:27,2519.0,Suspicious
40eb3bb1-492c-4193-a49a-c9bde272a227,57174,2024-05-31 01:33:44,1939.06,Suspicious
89973df8-7017-483d-b8aa-98161255d8d3,75118,2024-02-29 02:37:59,1468.04,Suspicious
887ad7ca-4d01-4873-85ea-c918e7256c14,23633,2024-08-12 14:02:13,4139.67,Suspicious
9beab00d-7f78-4ab9-bc56-8c4f6a8c8ccf,62979,2024-08-24 05:38:48,1011.27,Suspicious
1d94d613-ea83-44fa-80d6-eeb4b77f5efe,87006,2024-09-03 15:10:22,3310.65,Suspicious
7af065d1-325a-4eef-b2a7-c4b3d01ea47a,41724,2024-08-12 08:57:41,2995.93,Suspicious
763c71db-14c0-4a2c-b1b8-9663b4011120,83044,2024-10-20 00:50:01,4803.56,Suspicious
12d16a24-36f2-4d30-b64e-b2725838de63,45938,2024-06-04 12:37:30,1927.58,Suspicious
ede15d1e-574a-477d-8057-9ddf57550c64,8494,2024-02-05 11:38:35,4304.11,Suspicious
99e6012b-57ba-4131-8194-0b829a3295eb,93603,2024-03-12 04:17:27,1077.63,Suspicious
827e1a0c-8a65-49f3-81e4-798ea712a4e3,42888,2024-08-23 08:27:54,4099.4,Suspicious
6a37a11c-066f-44a9-8ee3-008639e416cb,2197,2024-07-28 10:13:50,4224.49,Suspicious
11af60a4-07d8-41fa-8fa5-d47aeed404dc,72435,2024-02-07 20:59:11,3624.66,Suspicious
ce29b8a0-7e14-4023-b5a0-116b23d7c808,5431,2024-06-27 20:12:07,2814.59,Suspicious
40194019-810e-458a-80ca-d3b3add403b9,24311,2024-03-22 14:19:31,1247.49,Suspicious
14193f79-3e3c-4165-af04-5fb14300e91e,4500,2024-10-12 02:52:45,2138.97,Suspicious
4f75961d-74e5-4314-9600-c180279dc8b9,74751,2024-05-31 17:18:36,3617.48,Suspicious
f5c3c9ec-ef14-4448-b9b7-ee0c47485250,14136,2024-02-08 16:30:18,2462.29,Suspicious
f3e52202-cf08-4b99-8e3b-e02355687baf,86516,2024-09-06 06:00:16,1691.6,Suspicious
e821f0af-9913-42be-8540-6dd5ebd55ea0,38070,2024-03-13 18:47:02,4501.51,Suspicious
ef282c56-785a-475d-acdb-f9a3c3c33147,89399,2024-04-30 06:55:45,1117.9,Suspicious
d4852626-cf50-4c0d-b593-b6fa36536413,90173,2024-04-25 17:58:20,3662.38,Suspicious
90ce6069-9239-4346-be6e-fe505258fdd7,24166,2024-06-22 23:51:03,4920.52,Suspicious
7475b598-ccb4-4cef-a9b6-1ba47010ee90,99277,2024-01-13 21:10:05,2081.62,Suspicious
30dc69b9-12ee-4ef6-b5cc-a7e9a445fe9c,34775,2024-11-13 11:23:26,2316.2,Suspicious
eb84ac7f-bf68-4c55-9a4c-9a395dcbfa42,11836,2024-07-10 16:57:25,1039.31,Suspicious
af1544f6-06f1-452f-b04d-99f9ca519fc8,45009,2024-08-19 09:39:36,1233.47,Suspicious
2d4fbe7b-d5dd-4db6-a09b-e5c3ceb80edf,68967,2024-11-13 06:58:32,2743.38,Suspicious
48e7c4af-40ec-437d-8cdf-30b88c9b8f31,49827,2024-05-03 02:55:47,3916.92,Suspicious
68268dbe-d7ce-4cd9-a1bc-a89bc4984da7,50704,2024-05-19 16:32:42,3708.94,Suspicious
0e677eb4-778f-4ea9-9854-0c34226619ca,57992,2024-10-31 22:52:31,2209.14,Suspicious
042dd792-89c7-4563-92e7-3fc4e86fae9c,15439,2024-06-29 06:25:58,4961.56,Suspicious
104ce6c7-c650-4432-af4f-9dfff39a756f,66449,2024-10-08 12:46:07,3651.18,Suspicious
19369108-b3c9-40aa-8867-2fdae8ef3fc2,41816,2024-03-03 05:35:14,1879.04,Suspicious
66bc058f-d893-499d-ae55-d60260c0c67f,6954,2024-11-17 14:19:02,1110.53,Suspicious
662efe4e-1930-4877-b4e2-935a024adec0,88177,2024-06-14 22:09:35,2487.99,Suspicious
ff32c8c8-366f-4a16-9995-2378cb858539,77547,2024-06-22 19:06:29,1042.93,Suspicious
15439a43-5f8c-4167-adb4-913dc72265af,5932,2024-04-26 15:02:06,3814.48,Suspicious
a246779e-83fe-405d-943c-8a1018c77d74,27230,2024-02-26 13:15:20,1654.37,Suspicious
bc55e8ba-58fe-4da9-9df6-93f20621a989,71611,2024-02-04 22:24:58,3656.95,Suspicious
76807353-5c82-49d1-b6a3-4987b70443a5,21492,2024-03-27 11:56:25,3270.89,Suspicious
a24ec565-105a-4892-bc12-1e9586607e2e,68569,2024-07-25 06:25:52,4717.11,Suspicious
ac03e4e5-22bd-4b94-8b65-1eef09a97f49,88245,2024-03-31 07:32:24,1797.93,Suspicious
de592cea-33bb-4ecc-8cab-37784614e330,29485,2024-02-13 15:05:17,2462.78,Suspicious
2dfff8f0-6bda-4338-8414-438f47044c80,13582,2024-01-03 23:59:04,4705.65,Suspicious
d490c712-e6d3-4c10-9470-aeee985c10a0,75722,2024-04-21 08:31:07,4100.6,Suspicious
9c258ee0-380a-43bb-b2ad-1b18b47fcbc8,87896,2024-05-08 21:43:29,2520.54,Suspicious
8dd88e90-c8e5-41ee-8de5-12dbe0480260,31787,2024-06-06 11:23:39,3435.66,Suspicious
03bd19a8-c285-4c30-bab3-db597afd77ef,8383,2024-01-03 23:33:20,4977.78,Suspicious
9f8dcbd8-6f69-4926-a4d1-d174ac1d0427,41298,2024-12-12 04:17:47,1966.41,Suspicious
21df4ad4-3144-442e-8b34-6c2cc0483df0,99655,2024-06-12 13:23:27,3604.82,Suspicious
c178650e-e839-4b9d-9566-c2f4eee661fc,18570,2024-01-18 08:06:11,3563.4,Suspicious
491f7301-2123-4744-929e-09c6973f077b,91255,2024-04-11 07:17:31,3885.58,Suspicious
61b9a3c8-b46b-43c7-98bc-10b5664c1ebb,59448,2024-11-20 21:28:52,2114.69,Suspicious
4b1f6d66-c7f6-4afd-ae6a-7f1a3cee7cf6,94459,2024-10-12 06:00:24,2861.5,Suspicious
1eb8877a-6d03-4bd8-b04c-f05d4073bbd8,13269,2024-03-03 00:39:35,4710.81,Suspicious
d3f70638-e50e-412c-a141-3bee5859b91a,40950,2024-05-29 04:48:21,4880.41,Suspicious
2b3e1250-1473-4084-af5f-cb1a433a8557,29733,2024-01-04 15:37:26,4465.62,Suspicious
a770da1b-2223-49d6-94ec-61653bbdda74,12199,2024-08-23 12:14:40,2905.26,Suspicious
d4c177fa-bdfd-4d51-83f9-f50fbc5bc520,95258,2024-05-19 12:17:49,2501.69,Suspicious
d7825590-2034-4677-931b-4c48c920f59d,84370,2024-05-24 00:52:28,1715.38,Suspicious
27fc1533-c384-4fb5-a863-9fed2dc0be98,75050,2024-06-26 13:51:11,3372.69,Suspicious
85e4a7b5-b7fb-40b8-a953-e68598185bec,78240,2024-02-09 09:40:53,2737.65,Suspicious
b06f2d4b-79c7-431d-ba54-57da3c71f05a,59492,2024-10-30 07:23:25,1966.07,Suspicious
06d73955-1a76-493f-9faa-2490568cfbcc,33970,2024-08-04 05:18:54,1335.75,Suspicious
bdf61d7e-e2d9-4434-8c4e-0bb79b19c208,64768,2024-09-23 05:38:41,3691.87,Suspicious
12ad9549-d04f-4a09-915f-ba6934da23a8,30064,2024-07-24 11:10:36,4500.46,Suspicious
d3e7e1bf-4c5e-4c9d-829f-e08b24c1a4aa,24558,2024-07-01 12:21:45,4149.05,Suspicious
c2fe8701-4bc0-4bdf-a5c6-546758c006e3,85010,2024-01-22 11:22:29,1028.06,Suspicious
c8d4c119-a260-4669-92c7-4c37f5bcb947,65491,2024-04-10 13:21:50,2502.33,Suspicious
c28cfa71-0b7a-41d2-ae1e-55b35ce73f9a,39767,2024-06-27 00:23:16,1981.19,Suspicious
d9d50adf-84a2-47c4-b2aa-2d40049a3f3d,7974,2024-07-20 04:17:20,1652.12,Suspicious
941961cf-f4e1-4cf7-b453-8be7f6dd4c1c,46695,2024-02-11 07:55:04,4882.18,Suspicious
6c5f3d67-d523-4091-a069-f5bedbfe3093,54897,2024-06-04 02:41:26,4030.58,Suspicious
bf1a3197-fb3d-422b-8b1c-18078a5ba7df,73294,2024-04-15 03:56:34,2496.85,Suspicious
f4932e16-28af-4793-818c-a7cc3514581b,37687,2024-02-03 17:02:30,4349.73,Suspicious
e732b6b2-bcfe-4742-b284-b24165f14c59,79096,2024-06-23 20:24:00,3580.69,Suspicious
c60f7333-60d6-4b33-b0d0-9e6ec1108aed,33460,2024-08-07 02:38:17,3716.92,Suspicious
218fc703-ff12-49a9-b908-6eeca58100d5,2666,2024-08-06 02:02:29,1007.69,Suspicious
368bd9b7-969b-4977-a226-0561ad0535ab,52559,2024-07-08 09:22:01,2788.24,Suspicious
d4fdc8bb-d682-4794-ba5f-a67f9e97d85e,95491,2024-10-28 10:55:29,2957.49,Suspicious
422fe83e-c89b-4f00-bff8-c9679a4401a9,37030,2024-11-26 16:23:20,4476.89,Suspicious
707462d3-60e7-41ce-80dc-3bf7ac0bec6e,57454,2024-03-29 18:57:07,2368.18,Suspicious
287ef09b-60fb-464a-af90-1a38d57012f4,3560,2024-02-18 07:04:27,3508.74,Suspicious
ee5580cf-bed3-4d15-9448-d792c422bac4,16154,2024-02-17 03:23:04,1907.03,Suspicious
d30c351e-5f25-4759-af9a-4a3e39be205f,57809,2024-02-15 07:52:13,4630.04,Suspicious
2fae9514-d541-4c74-bd84-670461a16f49,34262,2024-10-25 03:24:50,4460.7,Suspicious
ac747088-065a-4b6f-9945-2aada95e985a,60673,2024-03-24 02:43:11,3898.78,Suspicious
9e3efd6a-514b-4107-bfcc-4f45526baced,58699,2024-06-15 03:56:45,3577.9,Suspicious
93ef76ff-36b5-4e4a-b831-5afd844540b2,88469,2024-09-08 06:38:49,2595.52,Suspicious
f4e70963-13e2-4d30-9d21-31f6edcf3ed3,5395,2024-08-21 17:04:39,4520.71,Suspicious
673aeb74-1f7c-415f-95d7-7fdedaa0634f,25195,2024-09-09 20:27:33,3204.68,Suspicious
6cd3119e-9b11-4c75-a927-5cbc58c057e5,74131,2024-08-26 08:59:12,4653.55,Suspicious
1454ca7b-5df1-44ba-8f45-d98d3eaf42e1,60092,2024-06-26 01:37:41,2890.82,Suspicious
35bffcf6-02b1-480d-a29f-b5e163207292,60871,2024-11-18 14:08:14,2294.12,Suspicious
008cc823-759f-4083-81a1-acfc2763f2fe,8441,2024-09-25 00:58:07,2169.86,Suspicious
45135730-efa6-494a-a036-bb1c2d9bd8d3,64604,2024-06-22 09:28:45,1231.97,Suspicious
31fbc8e6-87b4-4164-aec9-84bfcd651e73,63133,2024-06-23 22:13:12,1258.25,Suspicious
b8f5478c-dc45-4beb-8e8c-1ab7bd0c7abd,46833,2024-03-13 09:41:21,4328.13,Suspicious
5c591d54-4fb2-451a-8798-e7b30b7aba8a,76280,2024-04-08 22:57:17,1049.57,Suspicious
a854e556-7346-4d31-b970-3cee617b4bf0,10417,2024-06-22 01:13:31,2208.3,Suspicious
ea0bfc5f-5acb-44b1-9f9a-cbf9f16f4a6f,10735,2024-03-02 19:56:11,3908.08,Suspicious
b47f5a17-cdfc-448b-b757-274926901f95,19582,2024-07-15 04:06:48,2500.45,Suspicious
24d4ad26-0876-4794-b786-d201ac90e691,66985,2024-09-05 01:22:19,1576.94,Suspicious
b30936c3-399e-4617-94ac-e0cfc27210d2,49143,2024-09-11 17:10:33,1013.25,Suspicious
e278b6b4-6945-42e7-81a1-c831deb67970,18078,2024-06-26 10:02:16,4994.59,Suspicious
73f8c3f9-38c1-44cc-a1d0-67bfc4127d79,74136,2024-02-20 20:35:39,4262.68,Suspicious
548b5ca0-39e6-4652-b1eb-0f4942d9c5f6,29453,2024-08-16 05:04:43,2470.6,Suspicious
6be68540-9c61-4bca-a327-b67384a575fb,44689,2024-11-03 16:21:21,1367.03,Suspicious
b8d5c2f1-f530-4237-9fdc-8dcfc8b09c7f,70043,2024-01-31 12:16:50,3688.69,Suspicious
ee3183cc-c1d9-4633-a447-5fc810b42b40,12845,2024-11-16 21:45:19,3000.04,Suspicious
588d2609-1197-4cdc-af1e-8fe90c44e7af,31584,2024-07-18 21:19:01,4579.17,Suspicious
82b53795-4f6a-40df-8bb9-d90572bb3bf2,75754,2024-03-29 16:35:14,4628.56,Suspicious
1034d261-f8b4-4a50-b88e-74b9cad97def,48031,2024-06-03 18:22:57,4385.85,Suspicious
7a843779-8f2a-41ce-b33d-2a26d1f104c6,60482,2024-01-30 20:34:29,3809.35,Suspicious
b1e78300-86c7-4ef6-9921-68c206bf61d3,72040,2024-01-08 21:42:28,1992.08,Suspicious
2815fbe7-de63-46d9-bbe7-c0bf492d701d,88714,2024-07-29 12:18:55,2192.39,Suspicious
32bdc8ad-8efe-4da0-ac04-1210f2f9499d,77043,2024-04-14 04:49:52,3653.37,Suspicious
40f3d0f1-9ffd-4e62-946f-388e1e44db42,28466,2024-07-21 20:23:41,1048.44,Suspicious
4f840d7b-612b-43d9-a67c-6d2a0c8b08d2,20616,2024-02-16 15:11:13,4973.72,Suspicious
9e4c9bb7-34fb-4ecf-8a82-65aaf7314573,24737,2024-05-07 00:30:54,2303.81,Suspicious
a9ceb000-9812-4038-abd2-6f8df6b2cc15,62550,2024-06-30 03:22:35,1430.46,Suspicious
c5a27f81-30df-476c-bfef-5c3b722d32dc,24568,2024-05-09 20:41:13,1234.37,Suspicious
f1cedc86-19b4-4d27-830a-2c8eae2190e0,89952,2024-12-14 22:36:02,3244.4,Suspicious
55ecec56-758b-4a55-95e8-bfb60eb1f7d3,1214,2024-11-21 12:51:19,1637.95,Suspicious
a148d6a5-e4ba-47e8-8356-1a2ca73f3663,25074,2024-11-05 20:59:56,2645.95,Suspicious
34e7be70-ca3a-40d1-8fc8-a302f47339b5,78531,2024-08-31 14:11:48,2441.91,Suspicious
f041f75d-184e-4862-b5e1-5ae9823eae3e,75656,2024-11-25 06:07:37,1599.17,Suspicious
1e03ef2d-b89a-4e30-940a-2d60c5894710,63071,2024-01-30 01:55:27,1929.05,Suspicious
bc6e3d71-c848-4a63-a79c-2d8bb36e47ad,96756,2024-04-16 06:17:47,1502.5,Suspicious
3d07c8be-ae2c-4ab6-a095-7309dc29e90d,27937,2024-12-04 00:45:27,2838.43,Suspicious
36365716-9d2b-4cbf-8534-15027a174059,79122,2024-09-01 09:51:38,3126.23,Suspicious
e1b2176d-da1d-4b58-9b54-4bc8a1f4dd0e,20917,2024-01-12 12:30:52,4169.31,Suspicious
e24fe467-8f4b-44be-b40f-c83db61feb79,73778,2024-04-23 17:40:44,3503.19,Suspicious
03a3bae0-356d-4867-a729-4cb396f4c83d,65836,2024-02-04 05:39:25,4157.2,Suspicious
d17f1dd7-7780-4bbf-af68-f3c2b462742f,64885,2024-05-30 18:49:14,4954.07,Suspicious
8263962d-b8b0-49aa-a97e-8e6073c04db1,31549,2024-12-13 15:29:27,1086.12,Suspicious
7dbc2de8-ece9-463a-aaea-e7e07689a668,50770,2024-04-04 06:12:25,1295.66,Suspicious
88bc5934-af21-41df-99c2-1c7a92124dfd,2502,2024-01-30 02:10:24,1203.6,Suspicious
d9318876-93d5-42f2-94b9-e3260e3371bf,27501,2024-09-12 04:43:50,1018.29,Suspicious
02a78e64-9c0f-4d6e-a4fc-c66fa410c26d,17914,2024-04-14 10:14:43,1159.18,Suspicious
8752670a-fb51-4fa9-9ba7-646719d7aac5,83090,2024-01-30 07:10:26,1141.33,Suspicious
1ac0bfe9-6634-47ba-be0f-dc4b1722c80a,99169,2024-05-07 01:09:05,2203.08,Suspicious
aa4ee6f1-116b-4b1f-97a9-5c9609ae7a6f,23252,2024-11-04 23:22:55,3657.87,Suspicious
3bf0c1df-856b-4b13-8f10-6d4e2d7b5420,69253,2024-09-20 05:58:43,3748.89,Suspicious
d64d7041-2580-428e-9af9-7ce16467a404,7223,2024-11-01 07:26:44,2020.47,Suspicious
022c41e4-b060-4964-9e12-255c8cbbc4e7,13546,2024-07-09 05:45:20,3955.92,Suspicious
51d94c9c-afb7-4462-b649-e0dafdba18c0,8449,2024-04-27 03:03:24,4996.45,Suspicious
ee3864b0-d306-4426-aab5-5d3b85f8f0cb,79060,2024-05-25 01:14:07,1802.42,Suspicious
b5493873-7706-40b7-9400-18af007db6dc,27294,2024-08-08 03:26:31,2795.06,Suspicious
5191119a-d44e-4e67-a060-5a1013423254,51817,2024-11-10 00:16:38,3676.38,Suspicious
37f8e663-362d-491c-bddd-58fe8614dcec,21883,2024-03-15 03:37:52,2557.35,Suspicious
8e324349-8ffd-4776-91d1-fe9b24062dc8,15289,2024-09-24 18:21:59,1476.69,Suspicious
986c6e8e-6b3b-42e7-8478-acf1fb6e3e69,42940,2024-05-03 00:48:35,3168.91,Suspicious
615fa033-60cc-4ca9-a2e3-6167876b7895,36392,2024-03-25 07:17:17,1806.96,Suspicious
4f3253ec-9999-449f-855f-b55980bc8e39,13480,2024-04-27 17:04:13,2967.3,Suspicious
22f68eb6-49fc-4083-b71c-11b93e847db4,22210,2024-05-01 01:07:50,4996.62,Suspicious
955a864d-e56a-4880-858a-57ecdb1c470d,10421,2024-02-23 17:52:25,3508.14,Suspicious
34bb533e-0c1e-4a11-a5c4-67acb41d6f74,81839,2024-01-22 03:55:49,1352.53,Suspicious
a8c4822c-2487-4472-832d-3431d0d71f56,85925,2024-05-21 08:35:10,2556.1,Suspicious
bc6a5d0a-8cc6-4529-9742-86c7f677b8a0,97441,2024-02-09 07:54:13,4011.65,Suspicious
c1181a0a-ada7-4a78-85d4-a49c1ccc1202,47514,2024-06-21 23:31:25,1988.24,Suspicious
4e0ced78-826f-4872-921d-8430a3c68ca2,30386,2024-11-27 09:40:24,3940.11,Suspicious
f21d8026-0c67-4222-a6a0-79041724b3ba,40907,2024-02-12 22:05:51,4829.5,Suspicious
0e518717-0502-4304-bba6-382ee36090d3,1866,2024-04-09 19:22:58,3905.54,Suspicious
0fbf30f8-4285-4c6f-86ae-a9ac561fa720,65028,2024-03-28 00:25:04,4951.25,Suspicious
be4e6a38-fa43-4b74-a26c-4493224e7d09,42103,2024-11-12 16:14:23,3908.9,Suspicious
c508db03-1447-48cc-8a78-2865e0676989,6612,2024-06-24 15:12:01,1713.76,Suspicious
82a2b78f-86c2-4eb4-aa64-837c2df45deb,9000,2024-06-21 03:37:02,2511.82,Suspicious
b39a1162-64a5-4ce0-bc8b-09231d67cfb1,4180,2024-04-29 13:46:03,3694.4,Suspicious
7e82efff-7f3d-4a02-bc12-3a7095b683f6,83372,2024-03-15 23:43:58,1651.1,Suspicious
25cdbff9-5e9f-407a-8c75-6a6d824b5bd9,57209,2024-05-22 10:48:30,1656.26,Suspicious
0c1024d9-217c-4c6d-a868-9eb3fabfe61a,39972,2024-05-09 06:00:07,4721.48,Suspicious
dd19bc41-df94-41fe-8a95-15fc9d0e95d7,44643,2024-06-15 15:19:10,4615.57,Suspicious
9574824b-47a3-41f0-8322-5c2e18637b9e,70021,2024-11-25 13:51:40,4073.45,Suspicious
bc086cda-4fae-4269-a22f-33303fcb52e8,48926,2024-05-20 20:59:17,1396.97,Suspicious
914bbd54-33eb-4339-b770-c78a3c7a26b3,56388,2024-07-28 17:52:47,3148.94,Suspicious
f9653fa0-3864-46b1-b331-5135679f873f,37232,2024-06-07 16:15:37,2388.23,Suspicious
d885fa17-5e21-4a3d-80a4-88e7b295e21e,49244,2024-03-11 04:07:18,2837.02,Suspicious
ca3a522c-824c-4819-9672-3c6cf36fa09a,83041,2024-07-06 02:29:20,3856.43,Suspicious
2ed983b7-9e38-426a-8ada-34f7b5435179,75749,2024-05-18 12:39:11,3789.34,Suspicious
e1f85b41-94a7-474e-b3ca-ce476c0dd6d8,98782,2024-09-17 08:57:57,4609.24,Suspicious
c7251439-1b8c-4860-890a-93e4ca477c3a,74486,2024-01-10 01:44:31,1726.17,Suspicious
4eaefd36-4377-4c6f-9213-6d07fd5e8ee0,9106,2024-02-23 00:31:44,1282.13,Suspicious
84ab0fb2-bfe8-427a-8cb6-cd6528f60f11,51978,2024-09-27 10:11:17,3687.29,Suspicious
835403e7-b010-4692-926c-98926756580c,81862,2024-07-16 02:23:33,4017.7,Suspicious
9887bc9b-9432-473b-a1da-f57bed57ee8b,43016,2024-09-03 10:16:58,3450.81,Suspicious
6b8ca672-f03d-4d16-9fc5-38f9343bba30,57607,2024-01-21 04:24:06,4564.63,Suspicious
025847aa-9492-4843-b2c8-486ea7552a5c,84225,2024-11-14 04:10:10,2881.28,Suspicious
676e0fc9-31a4-48c7-a5bb-14f53fa7ae53,66969,2024-07-13 18:31:29,1553.44,Suspicious
c9ee1624-fdad-4062-9d6c-626e10a3befc,24194,2024-04-30 20:47:45,1661.61,Suspicious
141065f5-f65c-4570-b133-cedbed037d6f,27114,2024-06-12 08:58:30,2161.44,Suspicious
444d1046-2025-41d5-a349-afb3b8cfdd78,71908,2024-10-28 23:27:50,1537.88,Suspicious
2d193a22-8c17-4e5c-905f-70a4ca682242,53498,2024-01-25 12:56:27,1836.66,Suspicious
54b2db8b-3d63-4a9d-a97a-cdb4808c5916,10767,2024-02-25 11:58:23,3753.13,Suspicious
17f5ef32-de35-4d4f-8ca4-650deafb4cef,85974,2024-05-16 15:42:59,3901.43,Suspicious
7bdb96c1-82c7-4c40-a713-75f60a54a052,90212,2024-12-09 03:12:23,3080.24,Suspicious
15211731-3b29-4d2b-845a-f51c82e84a5f,32236,2024-07-15 17:14:06,4703.99,Suspicious
b324d1d9-fe4c-49d6-91c5-a81e4ab694ce,37654,2024-12-01 23:40:50,1411.07,Suspicious
eba6dda6-ac18-40c9-b9bb-421a995b134c,67399,2024-09-30 05:14:26,1248.13,Suspicious
12f77e86-c587-414b-a904-1c13a694c237,23281,2024-01-03 00:05:13,1551.95,Suspicious
20fd3fe5-6c6a-4709-a46a-88d27a851ce3,98683,2024-08-17 09:17:10,3812.49,Suspicious
69724d46-bd70-4db7-a895-593d0bce492c,37186,2024-10-08 00:51:04,1756.48,Suspicious
d873c675-e9cf-4419-baa3-354ce4511924,23469,2024-08-21 21:05:19,1149.36,Suspicious
816499f9-a0d9-4403-be92-4c74d722b329,23154,2024-11-30 07:44:17,3323.54,Suspicious
a35d5ce5-fe0b-44f7-bb0f-094d723b0a3b,97400,2024-09-25 04:39:35,1033.01,Suspicious
4753f15a-1b96-4dc8-bb36-6ad90ce8f6d7,22228,2024-05-13 04:45:06,4275.25,Suspicious
d2a8e933-1620-4410-85dd-b212bc5b3a68,7266,2024-01-12 17:21:26,4239.89,Suspicious
8866e8ff-c0d1-489b-ba15-4fcb997cf077,50557,2024-10-14 16:24:00,2526.84,Suspicious
30fba3aa-546f-496e-a337-96f9a6288009,90279,2024-05-13 15:51:14,1851.53,Suspicious
2f752e03-7f48-4c4f-8417-4a73276474f0,80582,2024-03-12 13:24:52,1695.36,Suspicious
524eaa94-4a8c-4347-a145-c010b885da07,31724,2024-08-20 16:33:27,1695.98,Suspicious
95022e3e-b47f-4a8b-a24d-5e36fc2bf24a,13124,2024-04-14 17:46:30,4768.55,Suspicious
31b55405-2104-40ee-911f-ec5de64b564e,13959,2024-01-27 13:28:37,2306.77,Suspicious
02dee352-a4ec-49d5-9615-9e34284eaa0a,35397,2024-07-17 22:38:34,2164.55,Suspicious
c0c5ae21-9f77-449f-a7f0-bc4923225ee3,77567,2024-05-13 16:24:47,1866.68,Suspicious
356eae94-f52e-4954-8271-ea04fa2b5c87,54906,2024-07-14 21:09:46,4968.13,Suspicious
94ab9254-fcc5-4a63-83ac-5c5787798a98,63797,2024-02-07 22:05:16,3495.15,Suspicious
b44b2122-833b-4e5f-9912-b5e73f273041,49668,2024-08-18 00:03:03,3493.32,Suspicious
c9c3e7d1-f3c7-4820-9b18-9e521f69ccc5,46641,2024-02-27 14:48:10,2512.18,Suspicious
6fb31ed8-de9e-425f-9bf9-cc7c37130b59,7482,2024-01-16 21:01:08,1836.3,Suspicious
c17558bb-b03c-4ea3-9194-702c8943ba68,93520,2024-06-06 10:14:06,2946.33,Suspicious
1a7b1c18-a10d-44f3-b2d2-904340ce83e3,50189,2024-07-04 21:59:07,4135.92,Suspicious
e6ee9616-fe3e-4a0f-b3f8-5dbfe916779e,19064,2024-07-05 21:36:18,3864.17,Suspicious
b09ba25f-388c-456a-b9eb-5ef4550d1980,70129,2024-08-01 16:06:43,2684.59,Suspicious
cc77bb4a-5946-4e37-9783-f7647949566d,68730,2024-10-31 06:57:28,3956.96,Suspicious
80631550-6962-4467-9013-165f60885989,44587,2024-01-07 01:22:39,4101.81,Suspicious
13bcd526-d28b-4eb0-8274-76a5e580a6b1,85662,2024-09-10 22:54:04,3596.64,Suspicious
a7c53fb8-5983-48a5-8282-8796ece3f976,71424,2024-06-28 21:44:03,4755.39,Suspicious
397501b0-589a-4f51-83b0-5044a8d85784,7838,2024-04-23 21:03:44,1263.84,Suspicious
655f6518-95ed-48fc-88a1-236bba3222cc,50566,2024-06-22 03:53:39,3359.21,Suspicious
4094a8d3-3671-41b7-96ef-ed6c192242c3,95733,2024-01-13 01:45:03,4276.8,Suspicious
ac578097-3eb8-424e-9265-0038df428d2f,49258,2024-09-02 02:33:44,1136.4,Suspicious
2ccdacba-6e7a-41a2-beab-5e4d23c92d60,33201,2024-08-05 02:12:21,4316.65,Suspicious
e6351c7b-2de8-43c0-b933-958be15d0da1,87133,2024-04-29 15:34:02,4980.47,Suspicious
7bbb8ea2-a2ea-4c04-bb0b-04b41d2dcbab,64370,2024-03-18 16:34:21,3934.25,Suspicious
15aa9d69-0c7f-478f-8069-b80e609e7f94,23469,2024-03-06 20:03:29,3722.12,Suspicious
33979b53-5a62-40ed-998a-08f2be8f20ec,23628,2024-07-29 00:57:22,4611.76,Suspicious
c1b9aba8-78e4-45bf-a5c0-f81feed7c425,76139,2024-07-11 22:31:43,2219.26,Suspicious
0bd75de7-f7cb-45b7-812d-f944ae268c22,72529,2024-06-18 19:27:49,3948.05,Suspicious
57cfde96-2bf8-4df9-9db6-cb0f41c33a03,1807,2024-09-18 07:48:56,1588.52,Suspicious
917762fd-7534-4487-a91f-72cfd9131cc2,37168,2024-05-10 02:35:32,2991.59,Suspicious
d9306e3a-8520-4f71-a916-de58cc2d7619,82435,2024-06-10 18:33:12,3689.41,Suspicious
702ff05e-3e9f-4fd3-8fa6-04e0cba48080,2933,2024-01-29 10:14:25,4660.85,Suspicious
104954b9-acfd-46e1-8a92-e800be2972ee,13898,2024-10-24 02:53:14,3112.82,Suspicious
